,0,1,2,3,4,5,6,7,8,9,10,11,12,13,14,15,16,17,18,19,20,21,22,23,24,25,26,27,28,29,30,31,32,33,34,35,36,37,38,39,40,41,42,43,44,45,46,47,48,49,50,51,52,53,54,55,56,57,58,59,60,61,62,63,64,65,66,67,68,69,70,71,72,73,74,75,76,77,78,79,80,81,82,83,84,85,86,87,88,89,90,91,92,93,94,95,96,97,98,99,100,101,102,103,104,105,106,107,108,109,110,111,112,113,114,115,116,117,118,119,120,121,122,123,124,125,126,127,128,129,130,131,132,133,134,135,136,137,138,139,140,141,142,143,144,145,146,147,148,149,150,151,152,153,154,155,156,157,158,159,160,161,162,163,164,165,166,167,168,169,170,171,172,173,174,175,176,177,178,179,180,181,182,183,184,185,186,187,188,189,190,191,192,193,194,195,196,197,198,199,200
a_F*,Cooperate,Cooperate,Cooperate,Cooperate,Cooperate,Cooperate,Cooperate,Cooperate,Cooperate,Cooperate,Cooperate,Cooperate,Cooperate,Cooperate,Cooperate,Cooperate,Cooperate,Cooperate,Cooperate,Cooperate,Cooperate,Cooperate,Cooperate,Cooperate,Cooperate,Cooperate,Cooperate,Cooperate,Cooperate,Cooperate,Cooperate,Cooperate,Cooperate,Cooperate,Cooperate,Cooperate,Cooperate,Cooperate,Cooperate,Cooperate,Cooperate,Cooperate,Cooperate,Cooperate,Cooperate,Cooperate,Cooperate,Cooperate,Cooperate,Cooperate,Cooperate,Cooperate,Cooperate,Cooperate,Cooperate,Cooperate,Cooperate,Cooperate,Cooperate,Cooperate,Cooperate,Cooperate,Cooperate,Cooperate,Cooperate,Cooperate,Cooperate,Cooperate,Cooperate,Cooperate,Cooperate,Cooperate,Cooperate,Cooperate,Cooperate,Cooperate,Cooperate,Cooperate,Cooperate,Cooperate,Cooperate,Cooperate,Cooperate,Cooperate,Cooperate,Cooperate,Cooperate,Cooperate,Cooperate,Cooperate,Cooperate,Cooperate,Cooperate,Cooperate,Cooperate,Cooperate,Cooperate,Cooperate,Cooperate,Cooperate,Cooperate,Cooperate,Cooperate,Cooperate,Cooperate,Cooperate,Cooperate,Cooperate,Cooperate,Cooperate,Cooperate,Cooperate,Cooperate,Cooperate,Cooperate,Cooperate,Cooperate,Cooperate,Cooperate,Cooperate,Cooperate,Cooperate,Cooperate,Cooperate,Cooperate,Cooperate,Cooperate,Cooperate,Cooperate,Cooperate,Cooperate,Cooperate,Cooperate,Cooperate,Cooperate,Cooperate,Cooperate,Cooperate,Cooperate,Cooperate,Cooperate,Cooperate,Cooperate,Cooperate,Cooperate,Cooperate,Cooperate,Cooperate,Cooperate,Cooperate,Cooperate,Cooperate,Cooperate,Cooperate,Cooperate,Cooperate,Cooperate,Cooperate,Cooperate,Cooperate,Cooperate,Cooperate,Cooperate,Cooperate,Cooperate,Cooperate,Cooperate,Cooperate,Cooperate,Cooperate,Cooperate,Cooperate,Cooperate,Cooperate,Cooperate,Cooperate,Cooperate,Cooperate,Cooperate,Cooperate,Cooperate,Cooperate,Cooperate,Cooperate,Cooperate,Cooperate,Cooperate,Cooperate,Cooperate,Cooperate,Cooperate,Cooperate,Cooperate,Cooperate,Cooperate,Cooperate,Cooperate,Cooperate,Cooperate,Cooperate,Cooperate
ã_F,Cooperate,Collude,Cooperate,Cooperate,Collude,Cooperate,Collude,Cooperate,Cooperate,Cooperate,Collude,Cooperate,Collude,Collude,Cooperate,Cooperate,Cooperate,Collude,Cooperate,Cooperate,Collude,Cooperate,Collude,Cooperate,Cooperate,Collude,Collude,Collude,Cooperate,Collude,Cooperate,Collude,Collude,Cooperate,Cooperate,Cooperate,Collude,Cooperate,Collude,Cooperate,Cooperate,Collude,Cooperate,Collude,Collude,Collude,Cooperate,Collude,Cooperate,Cooperate,Cooperate,Cooperate,Cooperate,Cooperate,Collude,Cooperate,Collude,Cooperate,Cooperate,Collude,Collude,Collude,Collude,Collude,Cooperate,Cooperate,Cooperate,Cooperate,Cooperate,Collude,Collude,Cooperate,Cooperate,Cooperate,Cooperate,Cooperate,Cooperate,Cooperate,Collude,Collude,Collude,Collude,Cooperate,Collude,Cooperate,Collude,Cooperate,Cooperate,Collude,Cooperate,Cooperate,Cooperate,Cooperate,Collude,Collude,Cooperate,Cooperate,Collude,Collude,Cooperate,Cooperate,Cooperate,Cooperate,Cooperate,Cooperate,Cooperate,Cooperate,Cooperate,Collude,Collude,Cooperate,Cooperate,Cooperate,Cooperate,Cooperate,Collude,Cooperate,Cooperate,Collude,Cooperate,Collude,Cooperate,Collude,Cooperate,Collude,Collude,Cooperate,Cooperate,Collude,Collude,Cooperate,Cooperate,Cooperate,Cooperate,Collude,Cooperate,Cooperate,Cooperate,Collude,Collude,Cooperate,Cooperate,Collude,Collude,Cooperate,Cooperate,Cooperate,Cooperate,Cooperate,Cooperate,Cooperate,Cooperate,Collude,Cooperate,Cooperate,Cooperate,Cooperate,Cooperate,Cooperate,Cooperate,Cooperate,Cooperate,Collude,Collude,Cooperate,Cooperate,Cooperate,Collude,Collude,Cooperate,Collude,Collude,Cooperate,Collude,Collude,Cooperate,Cooperate,Cooperate,Cooperate,Cooperate,Collude,Cooperate,Cooperate,Collude,Collude,Collude,Cooperate,Cooperate,Collude,Cooperate,Cooperate,Collude,Cooperate,Cooperate,Collude,Cooperate,Cooperate,Cooperate,Cooperate,Cooperate,Cooperate
a_K*(DC),Continue,Continue,Continue,Continue,Continue,Continue,Continue,Continue,Continue,Continue,Continue,Continue,Continue,Continue,Continue,Continue,Continue,Continue,Continue,Continue,Continue,Continue,Continue,Continue,Continue,Continue,Continue,Continue,Continue,Continue,Continue,Continue,Continue,Continue,Continue,Continue,Continue,Continue,Continue,Continue,Continue,Continue,Continue,Continue,Continue,Continue,Continue,Continue,Continue,Continue,Continue,Continue,Continue,Continue,Continue,Continue,Continue,Continue,Continue,Continue,Continue,Continue,Continue,Continue,Continue,Continue,Continue,Continue,Continue,Continue,Continue,Continue,Continue,Continue,Continue,Continue,Continue,Continue,Continue,Continue,Continue,Continue,Continue,Continue,Continue,Continue,Continue,Continue,Continue,Continue,Continue,Continue,Continue,Continue,Continue,Continue,Continue,Continue,Continue,Continue,Continue,Continue,Continue,Continue,Continue,Continue,Continue,Continue,Continue,Continue,Continue,Continue,Continue,Continue,Continue,Continue,Continue,Continue,Continue,Continue,Continue,Continue,Continue,Continue,Continue,Continue,Continue,Continue,Continue,Continue,Continue,Continue,Continue,Continue,Continue,Continue,Continue,Continue,Continue,Continue,Continue,Continue,Continue,Continue,Continue,Continue,Continue,Continue,Continue,Continue,Continue,Continue,Continue,Continue,Continue,Continue,Continue,Continue,Continue,Continue,Continue,Continue,Continue,Continue,Continue,Continue,Continue,Continue,Continue,Continue,Continue,Continue,Continue,Continue,Continue,Continue,Continue,Continue,Continue,Continue,Continue,Continue,Continue,Continue,Continue,Continue,Continue,Continue,Continue,Continue,Continue,Continue,Continue,Continue,Continue,Continue,Continue,Continue,Continue,Continue,Continue
ã_K(DC),Continue,Release,Continue,Release,Continue,Release,Release,Continue,Continue,Release,Kill,Kill,Continue,Continue,Continue,Continue,Continue,Continue,Continue,Continue,Continue,Continue,Release,Continue,Continue,Release,Release,Kill,Kill,Continue,Kill,Kill,Continue,Continue,Release,Continue,Release,Continue,Continue,Continue,Release,Release,Release,Continue,Continue,Continue,Kill,Continue,Release,Kill,Release,Continue,Continue,Continue,Continue,Kill,Continue,Continue,Continue,Kill,Continue,Release,Kill,Continue,Kill,Kill,Continue,Continue,Continue,Kill,Continue,Continue,Continue,Continue,Continue,Kill,Kill,Release,Continue,Kill,Release,Continue,Release,Release,Kill,Continue,Kill,Continue,Continue,Release,Continue,Kill,Kill,Kill,Continue,Continue,Release,Continue,Continue,Kill,Kill,Kill,Continue,Kill,Kill,Kill,Continue,Release,Release,Kill,Release,Release,Kill,Continue,Continue,Kill,Continue,Release,Release,Release,Continue,Release,Release,Continue,Release,Continue,Release,Continue,Kill,Continue,Release,Release,Continue,Continue,Release,Kill,Kill,Continue,Kill,Kill,Release,Continue,Continue,Continue,Continue,Continue,Release,Release,Continue,Kill,Kill,Kill,Kill,Continue,Kill,Continue,Kill,Continue,Continue,Release,Kill,Release,Release,Continue,Continue,Release,Kill,Continue,Release,Continue,Continue,Release,Kill,Kill,Continue,Kill,Continue,Kill,Continue,Continue,Kill,Kill,Release,Kill,Kill,Continue,Continue,Continue,Release,Continue,Continue,Kill,Continue,Continue,Release,Continue,Release,Release,Continue,Kill,Release
a_S*,Negotiate,Negotiate,Negotiate,Negotiate,Negotiate,Negotiate,Negotiate,Negotiate,Negotiate,Negotiate,Negotiate,Negotiate,Negotiate,Negotiate,Negotiate,Negotiate,Negotiate,Negotiate,Negotiate,Negotiate,Negotiate,Negotiate,Negotiate,Negotiate,Negotiate,Negotiate,Negotiate,Negotiate,Negotiate,Negotiate,Negotiate,Negotiate,Negotiate,Negotiate,Negotiate,Negotiate,Negotiate,Negotiate,Negotiate,Negotiate,Negotiate,Negotiate,Negotiate,Negotiate,Negotiate,Negotiate,Negotiate,Negotiate,Negotiate,Negotiate,Negotiate,Negotiate,Negotiate,Negotiate,Negotiate,Negotiate,Negotiate,Negotiate,Negotiate,Negotiate,Negotiate,Negotiate,Negotiate,Negotiate,Negotiate,Negotiate,Negotiate,Negotiate,Negotiate,Negotiate,Negotiate,Negotiate,Negotiate,Negotiate,Negotiate,Negotiate,Negotiate,Negotiate,Negotiate,Negotiate,Negotiate,Negotiate,Negotiate,Negotiate,Negotiate,Negotiate,Negotiate,Negotiate,Negotiate,Negotiate,Negotiate,Negotiate,Negotiate,Negotiate,Negotiate,Negotiate,Negotiate,Negotiate,Negotiate,Negotiate,Negotiate,Negotiate,Negotiate,Negotiate,Negotiate,Negotiate,Negotiate,Negotiate,Negotiate,Negotiate,Negotiate,Negotiate,Negotiate,Negotiate,Negotiate,Negotiate,Negotiate,Negotiate,Negotiate,Negotiate,Negotiate,Negotiate,Negotiate,Negotiate,Negotiate,Negotiate,Negotiate,Negotiate,Negotiate,Negotiate,Negotiate,Negotiate,Negotiate,Negotiate,Negotiate,Negotiate,Negotiate,Negotiate,Negotiate,Negotiate,Negotiate,Negotiate,Negotiate,Negotiate,Negotiate,Negotiate,Negotiate,Negotiate,Negotiate,Negotiate,Negotiate,Negotiate,Negotiate,Negotiate,Negotiate,Negotiate,Negotiate,Negotiate,Negotiate,Negotiate,Negotiate,Negotiate,Negotiate,Negotiate,Negotiate,Negotiate,Negotiate,Negotiate,Negotiate,Negotiate,Negotiate,Negotiate,Negotiate,Negotiate,Negotiate,Negotiate,Negotiate,Negotiate,Negotiate,Negotiate,Negotiate,Negotiate,Negotiate,Negotiate,Negotiate,Negotiate,Negotiate,Negotiate,Negotiate,Negotiate,Negotiate,Negotiate,Negotiate,Negotiate,Negotiate,Negotiate,Negotiate,Negotiate,Negotiate,Negotiate,Negotiate
ã_S,Negotiate,Negotiate,Negotiate,Rescue,Rescue,Negotiate,Negotiate,Rescue,Negotiate,Rescue,Rescue,Negotiate,Negotiate,Rescue,Negotiate,Rescue,Negotiate,Negotiate,Negotiate,Rescue,Rescue,Negotiate,Rescue,Rescue,Negotiate,Rescue,Rescue,Rescue,Negotiate,Rescue,Negotiate,Negotiate,Negotiate,Rescue,Rescue,Rescue,Negotiate,Negotiate,Negotiate,Rescue,Rescue,Rescue,Negotiate,Negotiate,Negotiate,Negotiate,Rescue,Negotiate,Negotiate,Negotiate,Rescue,Negotiate,Negotiate,Negotiate,Negotiate,Negotiate,Rescue,Rescue,Negotiate,Rescue,Negotiate,Negotiate,Negotiate,Negotiate,Negotiate,Rescue,Rescue,Rescue,Negotiate,Negotiate,Rescue,Negotiate,Rescue,Negotiate,Negotiate,Negotiate,Negotiate,Rescue,Rescue,Negotiate,Rescue,Rescue,Negotiate,Negotiate,Negotiate,Negotiate,Negotiate,Negotiate,Negotiate,Negotiate,Rescue,Rescue,Negotiate,Rescue,Rescue,Rescue,Rescue,Negotiate,Rescue,Rescue,Negotiate,Rescue,Negotiate,Negotiate,Negotiate,Rescue,Negotiate,Negotiate,Negotiate,Negotiate,Negotiate,Rescue,Negotiate,Negotiate,Rescue,Negotiate,Negotiate,Rescue,Rescue,Rescue,Rescue,Negotiate,Negotiate,Negotiate,Negotiate,Negotiate,Negotiate,Negotiate,Negotiate,Rescue,Negotiate,Negotiate,Rescue,Negotiate,Rescue,Negotiate,Negotiate,Negotiate,Rescue,Rescue,Rescue,Negotiate,Rescue,Rescue,Rescue,Negotiate,Negotiate,Negotiate,Negotiate,Rescue,Rescue,Negotiate,Rescue,Negotiate,Negotiate,Rescue,Rescue,Negotiate,Negotiate,Negotiate,Rescue,Negotiate,Negotiate,Rescue,Rescue,Negotiate,Negotiate,Rescue,Negotiate,Negotiate,Negotiate,Rescue,Negotiate,Negotiate,Negotiate,Rescue,Negotiate,Rescue,Negotiate,Rescue,Rescue,Negotiate,Negotiate,Rescue,Negotiate,Negotiate,Rescue,Negotiate,Rescue,Negotiate,Rescue,Negotiate,Negotiate,Negotiate,Negotiate,Rescue,Negotiate,Rescue,Rescue,Negotiate,Rescue
α_t*,0.2,0.5,0.5,0.98,0.76,0.7000000000000001,0.73,0.73,0.7000000000000001,0.67,0.65,0.66,0.73,0.73,0.73,0.78,0.78,0.79,0.8200000000000001,0.8200000000000001,0.8300000000000001,0.84,0.85,0.87,0.88,0.89,0.9,0.9,0.91,0.91,0.92,0.92,0.92,0.92,0.92,0.92,0.92,0.92,0.92,0.92,0.92,0.92,0.92,0.92,0.92,0.92,0.92,0.92,0.92,0.92,0.92,0.92,0.92,0.92,0.92,0.92,0.92,0.92,0.92,0.92,0.92,0.92,0.92,0.92,0.92,0.92,0.92,0.92,0.92,0.92,0.92,0.92,0.92,0.92,0.92,0.92,0.92,0.92,0.92,0.92,0.92,0.92,0.92,0.92,0.92,0.92,0.92,0.92,0.92,0.92,0.92,0.92,0.92,0.92,0.92,0.92,0.92,0.92,0.92,0.92,0.92,0.92,0.92,0.92,0.92,0.92,0.92,0.92,0.92,0.92,0.92,0.92,0.92,0.92,0.92,0.92,0.92,0.92,0.92,0.92,0.92,0.92,0.92,0.92,0.92,0.92,0.92,0.92,0.92,0.92,0.92,0.92,0.92,0.92,0.92,0.92,0.92,0.92,0.92,0.92,0.92,0.92,0.92,0.92,0.92,0.92,0.92,0.92,0.92,0.92,0.92,0.92,0.92,0.92,0.92,0.92,0.92,0.92,0.92,0.92,0.92,0.92,0.92,0.92,0.92,0.92,0.92,0.92,0.92,0.92,0.92,0.92,0.92,0.92,0.92,0.92,0.92,0.92,0.92,0.92,0.92,0.92,0.92,0.92,0.92,0.92,0.92,0.92,0.92,0.92,0.92,0.92,0.92,0.92,0.92,0.92,0.92,0.92,0.92,0.92,0.92
γ_t*,0.05,0.5,0.5,0.84,0.7000000000000001,0.66,0.68,0.68,0.66,0.63,0.61,0.61,0.61,0.6,0.61,0.59,0.6,0.59,0.58,0.62,0.62,0.61,0.61,0.56,0.56,0.56,0.55,0.6,0.55,0.56,0.56,0.56,0.56,0.56,0.56,0.56,0.56,0.56,0.56,0.56,0.56,0.56,0.56,0.56,0.56,0.56,0.56,0.56,0.56,0.56,0.56,0.56,0.56,0.56,0.56,0.56,0.56,0.56,0.56,0.56,0.56,0.56,0.56,0.56,0.56,0.56,0.56,0.56,0.56,0.56,0.56,0.56,0.56,0.56,0.56,0.56,0.56,0.56,0.56,0.56,0.56,0.56,0.56,0.56,0.56,0.56,0.56,0.56,0.56,0.56,0.56,0.56,0.56,0.56,0.56,0.56,0.56,0.56,0.56,0.56,0.56,0.56,0.56,0.56,0.56,0.56,0.56,0.56,0.56,0.56,0.56,0.56,0.56,0.56,0.56,0.56,0.56,0.56,0.56,0.56,0.56,0.56,0.56,0.56,0.56,0.56,0.56,0.56,0.56,0.56,0.56,0.56,0.56,0.56,0.56,0.56,0.56,0.56,0.56,0.56,0.56,0.56,0.56,0.56,0.56,0.56,0.56,0.56,0.56,0.56,0.56,0.56,0.56,0.56,0.56,0.56,0.56,0.56,0.56,0.56,0.56,0.56,0.56,0.56,0.56,0.56,0.56,0.56,0.56,0.56,0.56,0.56,0.56,0.56,0.56,0.56,0.56,0.56,0.56,0.56,0.56,0.56,0.56,0.56,0.56,0.56,0.56,0.56,0.56,0.56,0.56,0.56,0.56,0.56,0.56,0.56,0.56,0.56,0.56,0.56,0.56
γ_R(DC)*,0.23,0.23,0.48,0.23,0.23,0.23,0.23,0.27,0.26,0.26,0.31,0.29,0.27,0.29,0.25,0.29,0.29,0.25,0.26,0.25,0.2,0.24,0.26,0.27,0.26,0.23,0.18,0.16,0.22,0.16,0.21,0.21,0.21,0.21,0.21,0.21,0.21,0.21,0.21,0.21,0.21,0.21,0.21,0.21,0.21,0.21,0.21,0.21,0.21,0.21,0.21,0.21,0.21,0.21,0.21,0.21,0.21,0.21,0.21,0.21,0.21,0.21,0.21,0.21,0.21,0.21,0.21,0.21,0.21,0.21,0.21,0.21,0.21,0.21,0.21,0.21,0.21,0.21,0.21,0.21,0.21,0.21,0.21,0.21,0.21,0.21,0.21,0.21,0.21,0.21,0.21,0.21,0.21,0.21,0.21,0.21,0.21,0.21,0.21,0.21,0.21,0.21,0.21,0.21,0.21,0.21,0.21,0.21,0.21,0.21,0.21,0.21,0.21,0.21,0.21,0.21,0.21,0.21,0.21,0.21,0.21,0.21,0.21,0.21,0.21,0.21,0.21,0.21,0.21,0.21,0.21,0.21,0.21,0.21,0.21,0.21,0.21,0.21,0.21,0.21,0.21,0.21,0.21,0.21,0.21,0.21,0.21,0.21,0.21,0.21,0.21,0.21,0.21,0.21,0.21,0.21,0.21,0.21,0.21,0.21,0.21,0.21,0.21,0.21,0.21,0.21,0.21,0.21,0.21,0.21,0.21,0.21,0.21,0.21,0.21,0.21,0.21,0.21,0.21,0.21,0.21,0.21,0.21,0.21,0.21,0.21,0.21,0.21,0.21,0.21,0.21,0.21,0.21,0.21,0.21,0.21,0.21,0.21,0.21,0.21,0.21
γ_R(PAR)*,0.37,0.37,0.37,0.37,0.37,0.37,0.37,0.37,0.37,0.37,0.37,0.37,0.37,0.37,0.37,0.37,0.37,0.37,0.37,0.37,0.37,0.37,0.37,0.37,0.37,0.37,0.37,0.37,0.37,0.37,0.37,0.37,0.37,0.37,0.37,0.37,0.37,0.37,0.37,0.37,0.37,0.37,0.37,0.37,0.37,0.37,0.37,0.37,0.37,0.37,0.37,0.37,0.37,0.37,0.37,0.37,0.37,0.37,0.37,0.37,0.37,0.37,0.37,0.37,0.37,0.37,0.37,0.37,0.37,0.37,0.37,0.37,0.37,0.37,0.37,0.37,0.37,0.37,0.37,0.37,0.37,0.37,0.37,0.37,0.37,0.37,0.37,0.37,0.37,0.37,0.37,0.37,0.37,0.37,0.37,0.37,0.37,0.37,0.37,0.37,0.37,0.37,0.37,0.37,0.37,0.37,0.37,0.37,0.37,0.37,0.37,0.37,0.37,0.37,0.37,0.37,0.37,0.37,0.37,0.37,0.37,0.37,0.37,0.37,0.37,0.37,0.37,0.37,0.37,0.37,0.37,0.37,0.37,0.37,0.37,0.37,0.37,0.37,0.37,0.37,0.37,0.37,0.37,0.37,0.37,0.37,0.37,0.37,0.37,0.37,0.37,0.37,0.37,0.37,0.37,0.37,0.37,0.37,0.37,0.37,0.37,0.37,0.37,0.37,0.37,0.37,0.37,0.37,0.37,0.37,0.37,0.37,0.37,0.37,0.37,0.37,0.37,0.37,0.37,0.37,0.37,0.37,0.37,0.37,0.37,0.37,0.37,0.37,0.37,0.37,0.37,0.37,0.37,0.37,0.37,0.37,0.37,0.37,0.37,0.37,0.37
γ_R(ELN)*,0.5,0.5,1.0,0.56,0.5,0.5,0.5,0.5,0.5,0.5,0.5,0.5,0.5,0.52,0.51,0.54,0.54,0.51,0.5,0.53,0.54,0.54,0.51,0.55,0.48,0.49,0.49,0.48,0.46,0.55,0.5,0.5,0.5,0.5,0.5,0.5,0.5,0.5,0.5,0.5,0.5,0.5,0.5,0.5,0.5,0.5,0.5,0.5,0.5,0.5,0.5,0.5,0.5,0.5,0.5,0.5,0.5,0.5,0.5,0.5,0.5,0.5,0.5,0.5,0.5,0.5,0.5,0.5,0.5,0.5,0.5,0.5,0.5,0.5,0.5,0.5,0.5,0.5,0.5,0.5,0.5,0.5,0.5,0.5,0.5,0.5,0.5,0.5,0.5,0.5,0.5,0.5,0.5,0.5,0.5,0.5,0.5,0.5,0.5,0.5,0.5,0.5,0.5,0.5,0.5,0.5,0.5,0.5,0.5,0.5,0.5,0.5,0.5,0.5,0.5,0.5,0.5,0.5,0.5,0.5,0.5,0.5,0.5,0.5,0.5,0.5,0.5,0.5,0.5,0.5,0.5,0.5,0.5,0.5,0.5,0.5,0.5,0.5,0.5,0.5,0.5,0.5,0.5,0.5,0.5,0.5,0.5,0.5,0.5,0.5,0.5,0.5,0.5,0.5,0.5,0.5,0.5,0.5,0.5,0.5,0.5,0.5,0.5,0.5,0.5,0.5,0.5,0.5,0.5,0.5,0.5,0.5,0.5,0.5,0.5,0.5,0.5,0.5,0.5,0.5,0.5,0.5,0.5,0.5,0.5,0.5,0.5,0.5,0.5,0.5,0.5,0.5,0.5,0.5,0.5,0.5,0.5,0.5,0.5,0.5,0.5
γ_R(FARC)*,0.64,0.64,0.64,0.64,0.64,0.64,0.64,0.64,0.64,0.64,0.64,0.64,0.64,0.64,0.64,0.64,0.64,0.64,0.64,0.64,0.64,0.64,0.64,0.64,0.64,0.64,0.64,0.64,0.64,0.64,0.64,0.64,0.64,0.64,0.64,0.64,0.64,0.64,0.64,0.64,0.64,0.64,0.64,0.64,0.64,0.64,0.64,0.64,0.64,0.64,0.64,0.64,0.64,0.64,0.64,0.64,0.64,0.64,0.64,0.64,0.64,0.64,0.64,0.64,0.64,0.64,0.64,0.64,0.64,0.64,0.64,0.64,0.64,0.64,0.64,0.64,0.64,0.64,0.64,0.64,0.64,0.64,0.64,0.64,0.64,0.64,0.64,0.64,0.64,0.64,0.64,0.64,0.64,0.64,0.64,0.64,0.64,0.64,0.64,0.64,0.64,0.64,0.64,0.64,0.64,0.64,0.64,0.64,0.64,0.64,0.64,0.64,0.64,0.64,0.64,0.64,0.64,0.64,0.64,0.64,0.64,0.64,0.64,0.64,0.64,0.64,0.64,0.64,0.64,0.64,0.64,0.64,0.64,0.64,0.64,0.64,0.64,0.64,0.64,0.64,0.64,0.64,0.64,0.64,0.64,0.64,0.64,0.64,0.64,0.64,0.64,0.64,0.64,0.64,0.64,0.64,0.64,0.64,0.64,0.64,0.64,0.64,0.64,0.64,0.64,0.64,0.64,0.64,0.64,0.64,0.64,0.64,0.64,0.64,0.64,0.64,0.64,0.64,0.64,0.64,0.64,0.64,0.64,0.64,0.64,0.64,0.64,0.64,0.64,0.64,0.64,0.64,0.64,0.64,0.64,0.64,0.64,0.64,0.64,0.64,0.64
α_R(DC)*,0.18,0.18,0.58,0.18,0.18,0.18,0.2,0.24,0.3,0.35000000000000003,0.44,0.53,0.6,0.65,0.7000000000000001,0.73,0.76,0.79,0.81,0.8300000000000001,0.85,0.86,0.87,0.88,0.89,0.9,0.91,0.92,0.92,0.93,0.93,0.93,0.93,0.93,0.93,0.93,0.93,0.93,0.93,0.93,0.93,0.93,0.93,0.93,0.93,0.93,0.93,0.93,0.93,0.93,0.93,0.93,0.93,0.93,0.93,0.93,0.93,0.93,0.93,0.93,0.93,0.93,0.93,0.93,0.93,0.93,0.93,0.93,0.93,0.93,0.93,0.93,0.93,0.93,0.93,0.93,0.93,0.93,0.93,0.93,0.93,0.93,0.93,0.93,0.93,0.93,0.93,0.93,0.93,0.93,0.93,0.93,0.93,0.93,0.93,0.93,0.93,0.93,0.93,0.93,0.93,0.93,0.93,0.93,0.93,0.93,0.93,0.93,0.93,0.93,0.93,0.93,0.93,0.93,0.93,0.93,0.93,0.93,0.93,0.93,0.93,0.93,0.93,0.93,0.93,0.93,0.93,0.93,0.93,0.93,0.93,0.93,0.93,0.93,0.93,0.93,0.93,0.93,0.93,0.93,0.93,0.93,0.93,0.93,0.93,0.93,0.93,0.93,0.93,0.93,0.93,0.93,0.93,0.93,0.93,0.93,0.93,0.93,0.93,0.93,0.93,0.93,0.93,0.93,0.93,0.93,0.93,0.93,0.93,0.93,0.93,0.93,0.93,0.93,0.93,0.93,0.93,0.93,0.93,0.93,0.93,0.93,0.93,0.93,0.93,0.93,0.93,0.93,0.93,0.93,0.93,0.93,0.93,0.93,0.93,0.93,0.93,0.93,0.93,0.93,0.93
α_R(PAR)*,0.31,0.31,0.31,0.31,0.31,0.31,0.31,0.31,0.31,0.31,0.31,0.31,0.31,0.31,0.31,0.31,0.31,0.31,0.31,0.31,0.31,0.31,0.31,0.31,0.31,0.31,0.31,0.31,0.31,0.31,0.31,0.31,0.31,0.31,0.31,0.31,0.31,0.31,0.31,0.31,0.31,0.31,0.31,0.31,0.31,0.31,0.31,0.31,0.31,0.31,0.31,0.31,0.31,0.31,0.31,0.31,0.31,0.31,0.31,0.31,0.31,0.31,0.31,0.31,0.31,0.31,0.31,0.31,0.31,0.31,0.31,0.31,0.31,0.31,0.31,0.31,0.31,0.31,0.31,0.31,0.31,0.31,0.31,0.31,0.31,0.31,0.31,0.31,0.31,0.31,0.31,0.31,0.31,0.31,0.31,0.31,0.31,0.31,0.31,0.31,0.31,0.31,0.31,0.31,0.31,0.31,0.31,0.31,0.31,0.31,0.31,0.31,0.31,0.31,0.31,0.31,0.31,0.31,0.31,0.31,0.31,0.31,0.31,0.31,0.31,0.31,0.31,0.31,0.31,0.31,0.31,0.31,0.31,0.31,0.31,0.31,0.31,0.31,0.31,0.31,0.31,0.31,0.31,0.31,0.31,0.31,0.31,0.31,0.31,0.31,0.31,0.31,0.31,0.31,0.31,0.31,0.31,0.31,0.31,0.31,0.31,0.31,0.31,0.31,0.31,0.31,0.31,0.31,0.31,0.31,0.31,0.31,0.31,0.31,0.31,0.31,0.31,0.31,0.31,0.31,0.31,0.31,0.31,0.31,0.31,0.31,0.31,0.31,0.31,0.31,0.31,0.31,0.31,0.31,0.31,0.31,0.31,0.31,0.31,0.31,0.31
α_R(ELN)*,0.45,0.45,0.8300000000000001,0.52,0.45,0.45,0.45,0.45,0.45,0.45,0.45,0.45,0.47000000000000003,0.53,0.59,0.63,0.67,0.71,0.74,0.76,0.78,0.8,0.8200000000000001,0.8300000000000001,0.85,0.86,0.87,0.88,0.89,0.89,0.9,0.9,0.9,0.9,0.9,0.9,0.9,0.9,0.9,0.9,0.9,0.9,0.9,0.9,0.9,0.9,0.9,0.9,0.9,0.9,0.9,0.9,0.9,0.9,0.9,0.9,0.9,0.9,0.9,0.9,0.9,0.9,0.9,0.9,0.9,0.9,0.9,0.9,0.9,0.9,0.9,0.9,0.9,0.9,0.9,0.9,0.9,0.9,0.9,0.9,0.9,0.9,0.9,0.9,0.9,0.9,0.9,0.9,0.9,0.9,0.9,0.9,0.9,0.9,0.9,0.9,0.9,0.9,0.9,0.9,0.9,0.9,0.9,0.9,0.9,0.9,0.9,0.9,0.9,0.9,0.9,0.9,0.9,0.9,0.9,0.9,0.9,0.9,0.9,0.9,0.9,0.9,0.9,0.9,0.9,0.9,0.9,0.9,0.9,0.9,0.9,0.9,0.9,0.9,0.9,0.9,0.9,0.9,0.9,0.9,0.9,0.9,0.9,0.9,0.9,0.9,0.9,0.9,0.9,0.9,0.9,0.9,0.9,0.9,0.9,0.9,0.9,0.9,0.9,0.9,0.9,0.9,0.9,0.9,0.9,0.9,0.9,0.9,0.9,0.9,0.9,0.9,0.9,0.9,0.9,0.9,0.9,0.9,0.9,0.9,0.9,0.9,0.9,0.9,0.9,0.9,0.9,0.9,0.9,0.9,0.9,0.9,0.9,0.9,0.9,0.9,0.9,0.9,0.9,0.9,0.9
α_R(FARC)*,0.59,0.59,0.59,0.59,0.59,0.59,0.59,0.59,0.59,0.59,0.59,0.59,0.59,0.59,0.59,0.59,0.59,0.59,0.59,0.59,0.59,0.59,0.59,0.59,0.59,0.59,0.59,0.59,0.59,0.59,0.59,0.59,0.59,0.59,0.59,0.59,0.59,0.59,0.59,0.59,0.59,0.59,0.59,0.59,0.59,0.59,0.59,0.59,0.59,0.59,0.59,0.59,0.59,0.59,0.59,0.59,0.59,0.59,0.59,0.59,0.59,0.59,0.59,0.59,0.59,0.59,0.59,0.59,0.59,0.59,0.59,0.59,0.59,0.59,0.59,0.59,0.59,0.59,0.59,0.59,0.59,0.59,0.59,0.59,0.59,0.59,0.59,0.59,0.59,0.59,0.59,0.59,0.59,0.59,0.59,0.59,0.59,0.59,0.59,0.59,0.59,0.59,0.59,0.59,0.59,0.59,0.59,0.59,0.59,0.59,0.59,0.59,0.59,0.59,0.59,0.59,0.59,0.59,0.59,0.59,0.59,0.59,0.59,0.59,0.59,0.59,0.59,0.59,0.59,0.59,0.59,0.59,0.59,0.59,0.59,0.59,0.59,0.59,0.59,0.59,0.59,0.59,0.59,0.59,0.59,0.59,0.59,0.59,0.59,0.59,0.59,0.59,0.59,0.59,0.59,0.59,0.59,0.59,0.59,0.59,0.59,0.59,0.59,0.59,0.59,0.59,0.59,0.59,0.59,0.59,0.59,0.59,0.59,0.59,0.59,0.59,0.59,0.59,0.59,0.59,0.59,0.59,0.59,0.59,0.59,0.59,0.59,0.59,0.59,0.59,0.59,0.59,0.59,0.59,0.59,0.59,0.59,0.59,0.59,0.59,0.59
γ_N(DC)*,0.59,0.59,0.59,0.59,0.59,0.59,0.59,0.59,0.59,0.59,0.59,0.59,0.59,0.59,0.59,0.58,0.61,0.61,0.58,0.6,0.59,0.58,0.6,0.5700000000000001,0.5700000000000001,0.5700000000000001,0.5700000000000001,0.62,0.58,0.56,0.56,0.56,0.56,0.56,0.56,0.56,0.56,0.56,0.56,0.56,0.56,0.56,0.56,0.56,0.56,0.56,0.56,0.56,0.56,0.56,0.56,0.56,0.56,0.56,0.56,0.56,0.56,0.56,0.56,0.56,0.56,0.56,0.56,0.56,0.56,0.56,0.56,0.56,0.56,0.56,0.56,0.56,0.56,0.56,0.56,0.56,0.56,0.56,0.56,0.56,0.56,0.56,0.56,0.56,0.56,0.56,0.56,0.56,0.56,0.56,0.56,0.56,0.56,0.56,0.56,0.56,0.56,0.56,0.56,0.56,0.56,0.56,0.56,0.56,0.56,0.56,0.56,0.56,0.56,0.56,0.56,0.56,0.56,0.56,0.56,0.56,0.56,0.56,0.56,0.56,0.56,0.56,0.56,0.56,0.56,0.56,0.56,0.56,0.56,0.56,0.56,0.56,0.56,0.56,0.56,0.56,0.56,0.56,0.56,0.56,0.56,0.56,0.56,0.56,0.56,0.56,0.56,0.56,0.56,0.56,0.56,0.56,0.56,0.56,0.56,0.56,0.56,0.56,0.56,0.56,0.56,0.56,0.56,0.56,0.56,0.56,0.56,0.56,0.56,0.56,0.56,0.56,0.56,0.56,0.56,0.56,0.56,0.56,0.56,0.56,0.56,0.56,0.56,0.56,0.56,0.56,0.56,0.56,0.56,0.56,0.56,0.56,0.56,0.56,0.56,0.56,0.56,0.56,0.56,0.56,0.56
γ_N(PAR)*,0.64,0.64,0.64,0.64,0.64,0.64,0.63,0.63,0.63,0.62,0.62,0.61,0.61,0.6,0.6,0.59,0.58,0.58,0.5700000000000001,0.56,0.55,0.54,0.53,0.53,0.52,0.51,0.5,0.49,0.47000000000000003,0.46,0.45,0.45,0.45,0.45,0.45,0.45,0.45,0.45,0.45,0.45,0.45,0.45,0.45,0.45,0.45,0.45,0.45,0.45,0.45,0.45,0.45,0.45,0.45,0.45,0.45,0.45,0.45,0.45,0.45,0.45,0.45,0.45,0.45,0.45,0.45,0.45,0.45,0.45,0.45,0.45,0.45,0.45,0.45,0.45,0.45,0.45,0.45,0.45,0.45,0.45,0.45,0.45,0.45,0.45,0.45,0.45,0.45,0.45,0.45,0.45,0.45,0.45,0.45,0.45,0.45,0.45,0.45,0.45,0.45,0.45,0.45,0.45,0.45,0.45,0.45,0.45,0.45,0.45,0.45,0.45,0.45,0.45,0.45,0.45,0.45,0.45,0.45,0.45,0.45,0.45,0.45,0.45,0.45,0.45,0.45,0.45,0.45,0.45,0.45,0.45,0.45,0.45,0.45,0.45,0.45,0.45,0.45,0.45,0.45,0.45,0.45,0.45,0.45,0.45,0.45,0.45,0.45,0.45,0.45,0.45,0.45,0.45,0.45,0.45,0.45,0.45,0.45,0.45,0.45,0.45,0.45,0.45,0.45,0.45,0.45,0.45,0.45,0.45,0.45,0.45,0.45,0.45,0.45,0.45,0.45,0.45,0.45,0.45,0.45,0.45,0.45,0.45,0.45,0.45,0.45,0.45,0.45,0.45,0.45,0.45,0.45,0.45,0.45,0.45,0.45,0.45,0.45,0.45,0.45,0.45,0.45
γ_N(ELN)*,0.6900000000000001,0.6900000000000001,0.85,0.6900000000000001,0.6900000000000001,0.6900000000000001,0.6900000000000001,0.6900000000000001,0.6900000000000001,0.6900000000000001,0.6900000000000001,0.68,0.68,0.68,0.68,0.68,0.67,0.67,0.67,0.67,0.67,0.68,0.66,0.65,0.66,0.68,0.64,0.64,0.63,0.67,0.64,0.64,0.64,0.64,0.64,0.64,0.64,0.64,0.64,0.64,0.64,0.64,0.64,0.64,0.64,0.64,0.64,0.64,0.64,0.64,0.64,0.64,0.64,0.64,0.64,0.64,0.64,0.64,0.64,0.64,0.64,0.64,0.64,0.64,0.64,0.64,0.64,0.64,0.64,0.64,0.64,0.64,0.64,0.64,0.64,0.64,0.64,0.64,0.64,0.64,0.64,0.64,0.64,0.64,0.64,0.64,0.64,0.64,0.64,0.64,0.64,0.64,0.64,0.64,0.64,0.64,0.64,0.64,0.64,0.64,0.64,0.64,0.64,0.64,0.64,0.64,0.64,0.64,0.64,0.64,0.64,0.64,0.64,0.64,0.64,0.64,0.64,0.64,0.64,0.64,0.64,0.64,0.64,0.64,0.64,0.64,0.64,0.64,0.64,0.64,0.64,0.64,0.64,0.64,0.64,0.64,0.64,0.64,0.64,0.64,0.64,0.64,0.64,0.64,0.64,0.64,0.64,0.64,0.64,0.64,0.64,0.64,0.64,0.64,0.64,0.64,0.64,0.64,0.64,0.64,0.64,0.64,0.64,0.64,0.64,0.64,0.64,0.64,0.64,0.64,0.64,0.64,0.64,0.64,0.64,0.64,0.64,0.64,0.64,0.64,0.64,0.64,0.64,0.64,0.64,0.64,0.64,0.64,0.64,0.64,0.64,0.64,0.64,0.64,0.64,0.64,0.64,0.64,0.64,0.64,0.64
γ_N(FARC)*,0.74,0.74,0.74,0.74,0.74,0.74,0.74,0.74,0.74,0.74,0.74,0.74,0.74,0.74,0.74,0.73,0.73,0.73,0.73,0.73,0.73,0.73,0.73,0.73,0.72,0.72,0.72,0.72,0.72,0.72,0.71,0.71,0.71,0.71,0.71,0.71,0.71,0.71,0.71,0.71,0.71,0.71,0.71,0.71,0.71,0.71,0.71,0.71,0.71,0.71,0.71,0.71,0.71,0.71,0.71,0.71,0.71,0.71,0.71,0.71,0.71,0.71,0.71,0.71,0.71,0.71,0.71,0.71,0.71,0.71,0.71,0.71,0.71,0.71,0.71,0.71,0.71,0.71,0.71,0.71,0.71,0.71,0.71,0.71,0.71,0.71,0.71,0.71,0.71,0.71,0.71,0.71,0.71,0.71,0.71,0.71,0.71,0.71,0.71,0.71,0.71,0.71,0.71,0.71,0.71,0.71,0.71,0.71,0.71,0.71,0.71,0.71,0.71,0.71,0.71,0.71,0.71,0.71,0.71,0.71,0.71,0.71,0.71,0.71,0.71,0.71,0.71,0.71,0.71,0.71,0.71,0.71,0.71,0.71,0.71,0.71,0.71,0.71,0.71,0.71,0.71,0.71,0.71,0.71,0.71,0.71,0.71,0.71,0.71,0.71,0.71,0.71,0.71,0.71,0.71,0.71,0.71,0.71,0.71,0.71,0.71,0.71,0.71,0.71,0.71,0.71,0.71,0.71,0.71,0.71,0.71,0.71,0.71,0.71,0.71,0.71,0.71,0.71,0.71,0.71,0.71,0.71,0.71,0.71,0.71,0.71,0.71,0.71,0.71,0.71,0.71,0.71,0.71,0.71,0.71,0.71,0.71,0.71,0.71,0.71,0.71
α_N(DC)*,0.62,0.62,0.62,0.62,0.62,0.62,0.62,0.62,0.62,0.62,0.62,0.62,0.62,0.62,0.64,0.68,0.71,0.74,0.77,0.79,0.81,0.8300000000000001,0.84,0.86,0.87,0.88,0.89,0.89,0.9,0.91,0.92,0.92,0.92,0.92,0.92,0.92,0.92,0.92,0.92,0.92,0.92,0.92,0.92,0.92,0.92,0.92,0.92,0.92,0.92,0.92,0.92,0.92,0.92,0.92,0.92,0.92,0.92,0.92,0.92,0.92,0.92,0.92,0.92,0.92,0.92,0.92,0.92,0.92,0.92,0.92,0.92,0.92,0.92,0.92,0.92,0.92,0.92,0.92,0.92,0.92,0.92,0.92,0.92,0.92,0.92,0.92,0.92,0.92,0.92,0.92,0.92,0.92,0.92,0.92,0.92,0.92,0.92,0.92,0.92,0.92,0.92,0.92,0.92,0.92,0.92,0.92,0.92,0.92,0.92,0.92,0.92,0.92,0.92,0.92,0.92,0.92,0.92,0.92,0.92,0.92,0.92,0.92,0.92,0.92,0.92,0.92,0.92,0.92,0.92,0.92,0.92,0.92,0.92,0.92,0.92,0.92,0.92,0.92,0.92,0.92,0.92,0.92,0.92,0.92,0.92,0.92,0.92,0.92,0.92,0.92,0.92,0.92,0.92,0.92,0.92,0.92,0.92,0.92,0.92,0.92,0.92,0.92,0.92,0.92,0.92,0.92,0.92,0.92,0.92,0.92,0.92,0.92,0.92,0.92,0.92,0.92,0.92,0.92,0.92,0.92,0.92,0.92,0.92,0.92,0.92,0.92,0.92,0.92,0.92,0.92,0.92,0.92,0.92,0.92,0.92,0.92,0.92,0.92,0.92,0.92,0.92
α_N(PAR)*,0.67,0.67,0.67,0.67,0.67,0.67,0.67,0.67,0.66,0.66,0.66,0.66,0.65,0.65,0.65,0.64,0.64,0.64,0.63,0.63,0.62,0.62,0.61,0.61,0.6,0.6,0.59,0.59,0.58,0.58,0.5700000000000001,0.5700000000000001,0.5700000000000001,0.5700000000000001,0.5700000000000001,0.5700000000000001,0.5700000000000001,0.5700000000000001,0.5700000000000001,0.5700000000000001,0.5700000000000001,0.5700000000000001,0.5700000000000001,0.5700000000000001,0.5700000000000001,0.5700000000000001,0.5700000000000001,0.5700000000000001,0.5700000000000001,0.5700000000000001,0.5700000000000001,0.5700000000000001,0.5700000000000001,0.5700000000000001,0.5700000000000001,0.5700000000000001,0.5700000000000001,0.5700000000000001,0.5700000000000001,0.5700000000000001,0.5700000000000001,0.5700000000000001,0.5700000000000001,0.5700000000000001,0.5700000000000001,0.5700000000000001,0.5700000000000001,0.5700000000000001,0.5700000000000001,0.5700000000000001,0.5700000000000001,0.5700000000000001,0.5700000000000001,0.5700000000000001,0.5700000000000001,0.5700000000000001,0.5700000000000001,0.5700000000000001,0.5700000000000001,0.5700000000000001,0.5700000000000001,0.5700000000000001,0.5700000000000001,0.5700000000000001,0.5700000000000001,0.5700000000000001,0.5700000000000001,0.5700000000000001,0.5700000000000001,0.5700000000000001,0.5700000000000001,0.5700000000000001,0.5700000000000001,0.5700000000000001,0.5700000000000001,0.5700000000000001,0.5700000000000001,0.5700000000000001,0.5700000000000001,0.5700000000000001,0.5700000000000001,0.5700000000000001,0.5700000000000001,0.5700000000000001,0.5700000000000001,0.5700000000000001,0.5700000000000001,0.5700000000000001,0.5700000000000001,0.5700000000000001,0.5700000000000001,0.5700000000000001,0.5700000000000001,0.5700000000000001,0.5700000000000001,0.5700000000000001,0.5700000000000001,0.5700000000000001,0.5700000000000001,0.5700000000000001,0.5700000000000001,0.5700000000000001,0.5700000000000001,0.5700000000000001,0.5700000000000001,0.5700000000000001,0.5700000000000001,0.5700000000000001,0.5700000000000001,0.5700000000000001,0.5700000000000001,0.5700000000000001,0.5700000000000001,0.5700000000000001,0.5700000000000001,0.5700000000000001,0.5700000000000001,0.5700000000000001,0.5700000000000001,0.5700000000000001,0.5700000000000001,0.5700000000000001,0.5700000000000001,0.5700000000000001,0.5700000000000001,0.5700000000000001,0.5700000000000001,0.5700000000000001,0.5700000000000001,0.5700000000000001,0.5700000000000001,0.5700000000000001,0.5700000000000001,0.5700000000000001,0.5700000000000001,0.5700000000000001,0.5700000000000001,0.5700000000000001,0.5700000000000001,0.5700000000000001,0.5700000000000001,0.5700000000000001,0.5700000000000001,0.5700000000000001,0.5700000000000001,0.5700000000000001,0.5700000000000001,0.5700000000000001,0.5700000000000001,0.5700000000000001,0.5700000000000001,0.5700000000000001,0.5700000000000001,0.5700000000000001,0.5700000000000001,0.5700000000000001,0.5700000000000001,0.5700000000000001,0.5700000000000001,0.5700000000000001,0.5700000000000001,0.5700000000000001,0.5700000000000001,0.5700000000000001,0.5700000000000001,0.5700000000000001,0.5700000000000001,0.5700000000000001,0.5700000000000001,0.5700000000000001,0.5700000000000001,0.5700000000000001,0.5700000000000001,0.5700000000000001,0.5700000000000001,0.5700000000000001,0.5700000000000001,0.5700000000000001,0.5700000000000001,0.5700000000000001,0.5700000000000001
α_N(ELN)*,0.72,0.72,0.99,0.72,0.72,0.72,0.72,0.72,0.72,0.72,0.72,0.72,0.72,0.71,0.71,0.71,0.71,0.71,0.71,0.74,0.76,0.78,0.8,0.8200000000000001,0.8300000000000001,0.84,0.86,0.87,0.88,0.88,0.89,0.89,0.89,0.89,0.89,0.89,0.89,0.89,0.89,0.89,0.89,0.89,0.89,0.89,0.89,0.89,0.89,0.89,0.89,0.89,0.89,0.89,0.89,0.89,0.89,0.89,0.89,0.89,0.89,0.89,0.89,0.89,0.89,0.89,0.89,0.89,0.89,0.89,0.89,0.89,0.89,0.89,0.89,0.89,0.89,0.89,0.89,0.89,0.89,0.89,0.89,0.89,0.89,0.89,0.89,0.89,0.89,0.89,0.89,0.89,0.89,0.89,0.89,0.89,0.89,0.89,0.89,0.89,0.89,0.89,0.89,0.89,0.89,0.89,0.89,0.89,0.89,0.89,0.89,0.89,0.89,0.89,0.89,0.89,0.89,0.89,0.89,0.89,0.89,0.89,0.89,0.89,0.89,0.89,0.89,0.89,0.89,0.89,0.89,0.89,0.89,0.89,0.89,0.89,0.89,0.89,0.89,0.89,0.89,0.89,0.89,0.89,0.89,0.89,0.89,0.89,0.89,0.89,0.89,0.89,0.89,0.89,0.89,0.89,0.89,0.89,0.89,0.89,0.89,0.89,0.89,0.89,0.89,0.89,0.89,0.89,0.89,0.89,0.89,0.89,0.89,0.89,0.89,0.89,0.89,0.89,0.89,0.89,0.89,0.89,0.89,0.89,0.89,0.89,0.89,0.89,0.89,0.89,0.89,0.89,0.89,0.89,0.89,0.89,0.89,0.89,0.89,0.89,0.89,0.89,0.89
α_N(FARC)*,0.77,0.77,0.77,0.77,0.77,0.77,0.77,0.77,0.77,0.77,0.77,0.77,0.77,0.77,0.77,0.77,0.77,0.77,0.77,0.77,0.76,0.76,0.76,0.76,0.76,0.76,0.76,0.76,0.76,0.76,0.76,0.76,0.76,0.76,0.76,0.76,0.76,0.76,0.76,0.76,0.76,0.76,0.76,0.76,0.76,0.76,0.76,0.76,0.76,0.76,0.76,0.76,0.76,0.76,0.76,0.76,0.76,0.76,0.76,0.76,0.76,0.76,0.76,0.76,0.76,0.76,0.76,0.76,0.76,0.76,0.76,0.76,0.76,0.76,0.76,0.76,0.76,0.76,0.76,0.76,0.76,0.76,0.76,0.76,0.76,0.76,0.76,0.76,0.76,0.76,0.76,0.76,0.76,0.76,0.76,0.76,0.76,0.76,0.76,0.76,0.76,0.76,0.76,0.76,0.76,0.76,0.76,0.76,0.76,0.76,0.76,0.76,0.76,0.76,0.76,0.76,0.76,0.76,0.76,0.76,0.76,0.76,0.76,0.76,0.76,0.76,0.76,0.76,0.76,0.76,0.76,0.76,0.76,0.76,0.76,0.76,0.76,0.76,0.76,0.76,0.76,0.76,0.76,0.76,0.76,0.76,0.76,0.76,0.76,0.76,0.76,0.76,0.76,0.76,0.76,0.76,0.76,0.76,0.76,0.76,0.76,0.76,0.76,0.76,0.76,0.76,0.76,0.76,0.76,0.76,0.76,0.76,0.76,0.76,0.76,0.76,0.76,0.76,0.76,0.76,0.76,0.76,0.76,0.76,0.76,0.76,0.76,0.76,0.76,0.76,0.76,0.76,0.76,0.76,0.76,0.76,0.76,0.76,0.76,0.76,0.76
H(μ_τ),1.3040114826148388,1.3348845235102131,1.3862943611198906,1.3845454422190533,1.3862943611198906,1.2868031654703083,1.3862943611198906,1.3839125977061622,1.2968332478504088,1.080554916758649,0.8540934827908373,0.8800787057825525,0.9012898378861347,0.7420358661468999,0.618086402277736,0.6554674088460235,0.5600213250515159,0.4764895779881114,0.520307448625261,0.4459345515098927,0.3783843144529275,0.31772013383303527,0.2642867493337925,0.3038481532001088,0.25323307101878223,0.2928451909351662,0.3371868055067184,0.2856471831121728,0.2408206803969577,0.022736474408776054,0.02801602849764802,0.022740271772297215,0.02815078794175906,0.022852306677185134,0.01852280141077236,0.022965942260635138,0.00596064663654938,0.007438781106547591,0.005991276259564682,0.0014962576883265567,0.0018769927071137528,0.0015040835510292093,0.0012045190526310634,0.0009640417759021877,0.0012109140891741676,0.0009691837141599665,0.0007752590887245689,0.0009743587205681703,0.0012238395214784984,0.0009795638605773818,0.0004301135947715307,0.00034340022791551236,0.0002740399761090364,3.912908167913733e-05,4.94656654165311e-05,6.251092239163175e-05,1.0835495671794014e-05,1.3721201730408175e-05,1.7370421511840624e-05,1.3796931757047328e-05,1.7466185923049128e-05,1.387312306903084e-05,1.4762615105184323e-06,4.5582537349918423e-07,1.0366923101055389e-07,8.197263242394829e-08,4.154896477810636e-09,9.294962573011057e-10,1.1849224577161432e-09,4.946556905366444e-09,3.904792859834803e-09,3.0820884427589457e-09,2.4324574876951976e-09,1.9195502121320534e-09,1.5146374841655676e-09,3.379316359439684e-10,4.309733342738117e-10,3.398565183963372e-10,4.334272383332823e-10,3.417924486219835e-10,4.358951730139308e-10,5.558531532024067e-10,4.38377214008783e-10,5.590168035120525e-10,7.127863448056805e-10,9.087621516330787e-10,1.158502164784195e-09,1.5963947477324104e-10,7.563949466768331e-13,1.4632739464558493e-13,3.064215547965385e-14,3.941291737419228e-14,5.0848214527830876e-14,3.9745984281579815e-14,5.118128143521841e-14,1.6653345369377334e-15,2.220446049250313e-16,1.1102230246251564e-16,2.220446049250313e-16,1.1102230246251564e-16,1.1102230246251564e-16,1.1102230246251564e-16,-0.0,1.1102230246251564e-16,-0.0,-0.0,-0.0,1.1102230246251564e-16,-0.0,-0.0,1.1102230246251564e-16,-0.0,-0.0,-0.0,-0.0,-0.0,-0.0,-0.0,-0.0,-0.0,-0.0,-0.0,-0.0,-0.0,-0.0,-0.0,-0.0,-0.0,-0.0,-0.0,-0.0,-0.0,-0.0,-0.0,-0.0,-0.0,-0.0,-0.0,-0.0,-0.0,-0.0,-0.0,-0.0,-0.0,-0.0,-0.0,-0.0,-0.0,-0.0,-0.0,-0.0,-0.0,-0.0,-0.0,-0.0,-0.0,-0.0,-0.0,-0.0,-0.0,-0.0,-0.0,-0.0,-0.0,-0.0,-0.0,-0.0,-0.0,-0.0,-0.0,-0.0,-0.0,-0.0,-0.0,-0.0,-0.0,-0.0,-0.0,-0.0,-0.0,-0.0,-0.0,-0.0,-0.0,-0.0,-0.0,-0.0,-0.0,-0.0,-0.0,-0.0,-0.0,-0.0,-0.0,-0.0,-0.0,-0.0,-0.0,-0.0,-0.0,-0.0
ΔH,0.012606849675108167,,,0.02822112503329266,0.02680457165131367,0.024262788200814178,0.02687692553785559,0.026316351239378477,0.024747618576821173,0.018679352094201462,0.013184562426424185,0.014033716531992368,0.01505916224550774,0.011983993348568589,0.009886189524501265,0.011294061794718813,0.009728936126599197,0.008329209206538901,0.009926323033252027,0.00853945850453347,0.007259944404658991,0.006096568956916959,0.005060989872408772,0.006424142166695457,0.005340899091014595,0.006790525070381859,0.008603592498913515,0.007232219294172726,0.006125004115667049,0.00035887766298957346,0.00048079086603230667,0.0003762732462832437,0.0004835759490967248,0.00037847113086651035,0.00029608548951498906,0.000380690140924414,8.030791849396746e-05,0.00010337641229952402,8.078057217372151e-05,1.696474443092528e-05,2.1845315302231527e-05,1.706439982990921e-05,1.3329766420907717e-05,1.041240941816225e-05,1.3408562448697118e-05,1.0474020189058658e-05,8.181637658475943e-06,1.0536029791132352e-05,1.3567761127810437e-05,1.0598422117965808e-05,4.27544451533392e-06,3.3396247762854927e-06,2.6086303106959163e-06,3.153315307258996e-07,4.060903969086094e-07,5.229712936826017e-07,7.936976696179093e-08,1.0221407730027634e-07,1.3163346969102886e-07,1.0282067706646375e-07,1.3241287005459306e-07,1.0343728086234165e-07,9.483775058656805e-09,2.7314940607372304e-09,5.729126281511895e-10,4.475045083157271e-10,1.9660168903492735e-11,4.123621431806915e-12,5.310452969486162e-12,2.3589263771681718e-11,1.8425711361074025e-11,1.4392463959997095e-11,1.124191687897923e-11,8.781058708100853e-12,6.859063042744453e-12,1.4386957426331637e-12,1.8527666720406197e-12,1.4471677578235394e-12,1.8636713181862284e-12,1.4556777262889986e-12,1.8746915130598244e-12,2.4143445930603442e-12,1.8857716378730408e-12,2.4285161771998792e-12,3.127747199514146e-12,4.0278327684606895e-12,5.18715869601493e-12,1.799610591943349e-12,-1.3057905921269724e-11,-4.963539245082368e-14,-3.135511471533547e-17,-8.652359815073079e-17,-1.9991976617680963e-17,4.214703845995167e-17,1.717565813696614e-18,-4.892801048153564e-17,6.773644676169627e-17,-4.220820189013611e-17,6.773644676169627e-17,-4.220820189013611e-17,8.835561057582093e-18,9.558460856310985e-18,-5.196735036719525e-17,5.961656668101582e-17,-1.4685875644554497e-18,-5.140573578149983e-17,-1.4685875644554497e-18,5.961656668101582e-17,-1.4685875644554497e-18,-5.140573578149983e-17,5.905495209532041e-17,-1.809602591878838e-19,-1.809602591878838e-19,-1.809602591878838e-19,-1.809602591878838e-19,-1.809602591878838e-19,-3.5833726516509413e-19,-5.419395395410123e-19,-5.419395395410123e-19,-0.0,-0.0,-0.0,-0.0,-5.419395395410123e-19,-5.419395395410123e-19,-9.02866504488274e-19,-9.02866504488274e-19,-9.02866504488274e-19,-9.02866504488274e-19,-9.02866504488274e-19,-9.02866504488274e-19,-0.0,-0.0,-0.0,-0.0,-0.0,-0.0,-0.0,-0.0,-0.0,-0.0,-0.0,-0.0,-0.0,-0.0,-0.0,-0.0,-0.0,-0.0,-0.0,-0.0,-0.0,-0.0,-0.0,-0.0,-0.0,-0.0,-0.0,-0.0,-0.0,-0.0,-0.0,-0.0,-0.0,-0.0,-0.0,-0.0,-0.0,-0.0,-0.0,-0.0,-0.0,-0.0,-0.0,-0.0,-0.0,-0.0,-0.0,-0.0,-0.0,-0.0,-0.0,-0.0,-0.0,-0.0,-0.0,-0.0,-0.0,-0.0,-0.0,-0.0,-0.0,-0.0,-0.0,-0.0,-0.0,-0.0,-0.0,-0.0,-0.0,-0.0
Γ_τ(μ_τ) feasible,False,False,False,True,True,True,True,True,True,True,True,True,True,True,True,True,True,True,True,True,True,True,True,True,True,True,True,True,True,True,True,True,True,True,True,True,True,True,True,True,True,True,True,True,True,True,True,True,True,True,True,True,True,True,True,True,True,True,True,True,True,True,True,True,True,True,True,True,True,True,True,True,True,True,True,True,True,True,True,True,True,True,True,True,True,True,True,True,True,True,True,True,True,True,True,True,True,True,True,True,True,True,True,True,True,True,True,True,True,True,True,True,True,True,True,True,True,True,True,True,True,True,True,True,True,True,True,True,True,True,True,True,True,True,True,True,True,True,True,True,True,True,True,True,True,True,True,True,True,True,True,True,True,True,True,True,True,True,True,True,True,True,True,True,True,True,True,True,True,True,True,True,True,True,True,True,True,True,True,True,True,True,True,True,True,True,True,True,True,True,True,True,True,True,True,True,True,True,True,True,True
IR^K(DC) OK,Yes,No,No,Yes,Yes,Yes,Yes,Yes,Yes,Yes,Yes,Yes,Yes,Yes,Yes,Yes,Yes,Yes,Yes,Yes,Yes,Yes,Yes,Yes,Yes,Yes,Yes,Yes,Yes,Yes,Yes,Yes,Yes,Yes,Yes,Yes,Yes,Yes,Yes,Yes,Yes,Yes,Yes,Yes,Yes,Yes,Yes,Yes,Yes,Yes,Yes,Yes,Yes,Yes,Yes,Yes,Yes,Yes,Yes,Yes,Yes,Yes,Yes,Yes,Yes,Yes,Yes,Yes,Yes,Yes,Yes,Yes,Yes,Yes,Yes,Yes,Yes,Yes,Yes,Yes,Yes,Yes,Yes,Yes,Yes,Yes,Yes,Yes,Yes,Yes,Yes,Yes,Yes,Yes,Yes,Yes,Yes,Yes,Yes,Yes,Yes,Yes,Yes,Yes,Yes,Yes,Yes,Yes,Yes,Yes,Yes,Yes,Yes,Yes,Yes,Yes,Yes,Yes,Yes,Yes,Yes,Yes,Yes,Yes,Yes,Yes,Yes,Yes,Yes,Yes,Yes,Yes,Yes,Yes,Yes,Yes,Yes,Yes,Yes,Yes,Yes,Yes,Yes,Yes,Yes,Yes,Yes,Yes,Yes,Yes,Yes,Yes,Yes,Yes,Yes,Yes,Yes,Yes,Yes,Yes,Yes,Yes,Yes,Yes,Yes,Yes,Yes,Yes,Yes,Yes,Yes,Yes,Yes,Yes,Yes,Yes,Yes,Yes,Yes,Yes,Yes,Yes,Yes,Yes,Yes,Yes,Yes,Yes,Yes,Yes,Yes,Yes,Yes,Yes,Yes,Yes,Yes,Yes,Yes,Yes,Yes
-sgn(κ_h(DC)),0,1,1,1,-1,1,1,1,1,1,-1,1,1,-1,1,1,1,1,1,1,-1,1,1,1,1,1,1,-1,1,-1,1,-1,1,1,1,1,1,1,1,1,1,1,1,1,1,1,1,1,1,1,1,1,1,1,1,1,-1,1,1,-1,1,1,-1,1,1,1,1,1,1,-1,-1,1,1,1,1,1,1,1,-1,-1,1,-1,1,1,1,1,1,1,1,1,1,1,1,-1,-1,1,1,1,-1,1,1,1,1,1,1,1,1,1,1,-1,1,1,1,1,1,-1,1,1,1,1,-1,1,1,1,1,1,1,1,-1,-1,1,1,1,1,1,1,1,1,-1,-1,1,1,-1,-1,1,1,1,1,1,1,1,1,-1,1,1,1,1,1,1,1,1,1,1,-1,1,1,1,-1,1,1,1,1,1,-1,1,1,1,1,1,1,-1,1,1,-1,-1,1,1,1,1,1,1,-1,1,1,1,1,1,1,1,1,1
-sgn(κ_h(PAR)),0,-1,-1,-1,-1,1,-1,-1,-1,1,-1,-1,-1,-1,-1,-1,-1,-1,-1,-1,-1,-1,-1,-1,-1,-1,-1,-1,-1,-1,-1,-1,-1,-1,1,-1,-1,-1,-1,-1,1,-1,1,-1,-1,-1,-1,-1,1,-1,1,-1,-1,-1,-1,-1,-1,-1,-1,-1,-1,-1,-1,-1,-1,-1,-1,-1,-1,-1,-1,-1,-1,-1,-1,-1,-1,1,-1,-1,-1,-1,1,-1,-1,-1,-1,-1,-1,1,-1,-1,-1,-1,-1,-1,1,-1,-1,-1,-1,-1,-1,-1,-1,-1,-1,1,-1,-1,1,1,-1,-1,-1,-1,-1,1,-1,1,-1,1,-1,-1,-1,-1,1,-1,-1,-1,1,1,-1,-1,-1,-1,-1,-1,-1,-1,1,-1,-1,-1,-1,-1,1,1,-1,-1,-1,-1,-1,-1,-1,-1,-1,-1,-1,1,-1,1,-1,-1,-1,1,-1,-1,-1,-1,-1,-1,-1,-1,-1,-1,-1,-1,-1,-1,-1,-1,1,-1,-1,-1,-1,-1,-1,-1,-1,-1,-1,-1,-1,-1,1,1,-1,-1,1
-sgn(κ_h(ELN)),0,1,1,1,-1,1,1,1,1,1,-1,1,1,-1,1,1,1,1,1,1,-1,1,1,1,1,1,1,-1,1,-1,1,-1,1,1,1,1,1,1,1,1,1,1,1,1,1,1,1,1,1,1,1,1,1,1,1,1,-1,1,1,-1,1,1,-1,1,1,1,1,1,1,-1,-1,1,1,1,1,1,1,1,-1,-1,1,-1,1,1,1,1,1,1,1,1,1,1,1,-1,-1,1,1,1,-1,1,1,1,1,1,1,1,1,1,1,-1,1,1,1,1,1,-1,1,1,1,1,-1,1,1,1,1,1,1,1,-1,-1,1,1,1,1,1,1,1,1,-1,-1,1,1,-1,-1,1,1,1,1,1,1,1,1,-1,1,1,1,1,1,1,1,1,1,1,-1,1,1,1,-1,1,1,1,1,1,-1,1,1,1,1,1,1,-1,1,1,-1,-1,1,1,1,1,1,1,-1,1,1,1,1,1,1,1,1,1
-sgn(κ_h(FARC)),0,-1,1,-1,-1,1,-1,-1,-1,-1,-1,-1,-1,-1,-1,-1,-1,-1,-1,-1,-1,-1,-1,-1,-1,-1,-1,-1,-1,-1,-1,-1,-1,-1,-1,-1,-1,-1,-1,-1,-1,-1,1,-1,-1,-1,-1,-1,1,-1,-1,-1,-1,-1,-1,-1,-1,-1,-1,-1,-1,-1,-1,-1,-1,-1,-1,-1,-1,-1,-1,-1,-1,-1,-1,-1,-1,-1,-1,-1,-1,-1,1,-1,-1,-1,-1,-1,-1,1,-1,-1,-1,-1,-1,-1,-1,-1,-1,-1,-1,-1,-1,-1,-1,-1,-1,1,-1,-1,1,-1,-1,-1,-1,-1,-1,-1,-1,-1,-1,1,-1,-1,-1,-1,1,-1,-1,-1,1,1,-1,-1,-1,-1,-1,-1,-1,-1,-1,-1,-1,-1,-1,-1,1,1,-1,-1,-1,-1,-1,-1,-1,-1,-1,-1,-1,1,-1,1,-1,-1,-1,1,-1,-1,-1,-1,-1,-1,-1,-1,-1,-1,-1,-1,-1,-1,-1,-1,1,-1,-1,-1,-1,-1,-1,-1,-1,-1,-1,-1,-1,-1,1,-1,-1,-1,-1
m outcome,Continue Captivity (cont),Continue Captivity (cont),Continue Captivity (cont),Continue Captivity (cont),Continue Captivity (cont),Continue Captivity (cont),Continue Captivity (cont),Continue Captivity (cont),Continue Captivity (cont),Continue Captivity (cont),Continue Captivity (cont),Continue Captivity (cont),Continue Captivity (cont),Continue Captivity (cont),Continue Captivity (cont),Continue Captivity (cont),Continue Captivity (cont),Continue Captivity (cont),Continue Captivity (cont),Continue Captivity (cont),Continue Captivity (cont),Continue Captivity (cont),Continue Captivity (cont),Continue Captivity (cont),Continue Captivity (cont),Continue Captivity (cont),Continue Captivity (cont),Continue Captivity (cont),Continue Captivity (cont),Continue Captivity (cont),Continue Captivity (cont),Continue Captivity (cont),Continue Captivity (cont),Continue Captivity (cont),Continue Captivity (cont),Ransom Paid (j=1),Continue Captivity (cont),Continue Captivity (cont),Ransom Paid (j=1),Continue Captivity (cont),Continue Captivity (cont),Continue Captivity (cont),Continue Captivity (cont),Continue Captivity (cont),Continue Captivity (cont),Continue Captivity (cont),Continue Captivity (cont),Continue Captivity (cont),Continue Captivity (cont),Continue Captivity (cont),Continue Captivity (cont),Continue Captivity (cont),Ransom Paid (j=1),Continue Captivity (cont),Continue Captivity (cont),Continue Captivity (cont),Continue Captivity (cont),Continue Captivity (cont),Continue Captivity (cont),Continue Captivity (cont),Continue Captivity (cont),Continue Captivity (cont),Continue Captivity (cont),Ransom Paid (j=1),Continue Captivity (cont),Continue Captivity (cont),Ransom Paid (j=1),Continue Captivity (cont),Victim Deceased (j=2),Continue Captivity (cont),Continue Captivity (cont),Continue Captivity (cont),Continue Captivity (cont),Continue Captivity (cont),Ransom Paid (j=1),Continue Captivity (cont),Continue Captivity (cont),Continue Captivity (cont),Continue Captivity (cont),Continue Captivity (cont),Continue Captivity (cont),Continue Captivity (cont),Continue Captivity (cont),Continue Captivity (cont),Continue Captivity (cont),Continue Captivity (cont),Ransom Paid (j=1),Ransom Paid (j=1),Continue Captivity (cont),Ransom Paid (j=1),Continue Captivity (cont),Continue Captivity (cont),Continue Captivity (cont),Continue Captivity (cont),Continue Captivity (cont),Continue Captivity (cont),Continue Captivity (cont),Continue Captivity (cont),Continue Captivity (cont),Continue Captivity (cont),Continue Captivity (cont),Continue Captivity (cont),Continue Captivity (cont),Continue Captivity (cont),Continue Captivity (cont),Continue Captivity (cont),Continue Captivity (cont),Continue Captivity (cont),Continue Captivity (cont),Continue Captivity (cont),Continue Captivity (cont),Continue Captivity (cont),Continue Captivity (cont),Continue Captivity (cont),Continue Captivity (cont),Continue Captivity (cont),Continue Captivity (cont),Continue Captivity (cont),Ransom Paid (j=1),Continue Captivity (cont),Continue Captivity (cont),Continue Captivity (cont),Victim Deceased (j=2),Continue Captivity (cont),Continue Captivity (cont),Continue Captivity (cont),Continue Captivity (cont),Continue Captivity (cont),Continue Captivity (cont),Continue Captivity (cont),Ransom Paid (j=1),Ransom Paid (j=1),Ransom Paid (j=1),Ransom Paid (j=1),Continue Captivity (cont),Continue Captivity (cont),Continue Captivity (cont),Continue Captivity (cont),Continue Captivity (cont),Continue Captivity (cont),Continue Captivity (cont),Continue Captivity (cont),Ransom Paid (j=1),Continue Captivity (cont),Continue Captivity (cont),Continue Captivity (cont),Ransom Paid (j=1),Continue Captivity (cont),Ransom Paid (j=1),Continue Captivity (cont),Continue Captivity (cont),Continue Captivity (cont),Ransom Paid (j=1),Continue Captivity (cont),Continue Captivity (cont),Continue Captivity (cont),Continue Captivity (cont),Continue Captivity (cont),Continue Captivity (cont),Continue Captivity (cont),Ransom Paid (j=1),Continue Captivity (cont),Continue Captivity (cont),Ransom Paid (j=1),Continue Captivity (cont),Continue Captivity (cont),Continue Captivity (cont),Ransom Paid (j=1),Continue Captivity (cont),Continue Captivity (cont),Continue Captivity (cont),Continue Captivity (cont),Continue Captivity (cont),Continue Captivity (cont),Continue Captivity (cont),Continue Captivity (cont),Continue Captivity (cont),Continue Captivity (cont),Continue Captivity (cont),Continue Captivity (cont),Continue Captivity (cont),Continue Captivity (cont),Continue Captivity (cont),Continue Captivity (cont),Continue Captivity (cont),Continue Captivity (cont),Continue Captivity (cont),Continue Captivity (cont),Continue Captivity (cont),Continue Captivity (cont),Ransom Paid (j=1),Continue Captivity (cont),Continue Captivity (cont),Continue Captivity (cont),Continue Captivity (cont),Continue Captivity (cont),Continue Captivity (cont),Continue Captivity (cont),Continue Captivity (cont),Continue Captivity (cont),Continue Captivity (cont)
v (m draw),0.009559928709967691,0.0782636204357311,0.5829509134740029,0.44791415639786747,0.35380440068197205,0.3562826042176789,0.18354191726171087,0.9866354707243421,0.564942558310021,0.23540228370087235,0.19594476432417907,0.46883213099463417,0.04245526666562571,0.40480419847674487,0.9439660858193079,0.08042090276329517,0.9468674514282067,0.4752279740049441,0.6216702050922164,0.35020568829048404,0.891574899766296,0.34352911009007414,0.5806122094892229,0.47602221949577705,0.8808510341207866,0.2659004487663186,0.8349691576441692,0.285265584396035,0.10011416709073595,0.5906893986894985,0.4743766075298558,0.7455844299869999,0.03318531731621299,0.4285688613353096,0.14570870961569493,0.8881313227011697,0.43300581157506735,0.21355806011134548,0.9401286762031492,0.4918085216562744,0.204859447121988,0.6833875941307649,0.5440893201297637,0.43126007485039697,0.7909839164309361,0.7197932142056281,0.16829679052186275,0.6376856962663502,0.3940021906135782,0.7096416743099273,0.5589625003346987,0.03388059413680378,0.9408940989317808,0.821525242757831,0.051147262276627914,0.34050225085636454,0.7317337146633384,0.793569099336459,0.22743176319999658,0.7637856943442959,0.8557105281846344,0.6517535602269597,0.2335608590249708,0.9482482537828123,0.3218987341054673,0.7377181664072008,0.9044799755278634,0.036036049289930316,0.9952398432711851,0.12769908157177545,0.6585377190033371,0.8494842674970939,0.7809877253798392,0.18147709145173396,0.9130833733079731,0.5970239296060534,0.22186192818010242,0.7056986127882957,0.8492831427284137,0.8602606509335592,0.4795341817604942,0.5358971876115214,0.4669995652164983,0.7581094883716238,0.8413682377136906,0.4452060295393173,0.8889932542160345,0.9684475212835821,0.5818777325385266,0.8909633961729111,0.3070113267209552,0.019027436068808856,0.7749465410186785,0.6395547851738065,0.24937255312641005,0.589096207894253,0.48616189858839554,0.0843818839752648,0.19598326248583087,0.36524221243506916,0.05795656609005728,0.40362038516866683,0.3487484227380735,0.28819021183353755,0.4983002136135709,0.08458045674563242,0.7801730143058632,0.7991185626579865,0.5442178052277103,0.3026183790907906,0.8569922723577048,0.866696221598942,0.12927870715177936,0.8242474949937599,0.07804845020480033,0.4640975438567968,0.34960894456708225,0.17369470135388432,0.8920352402790288,0.5046395071486457,0.027603062190086236,0.2183109480533012,0.9936328813442097,0.1006140988620553,0.7212552526956478,0.5148368425757972,0.5731853960522172,0.7194162436491823,0.336445345501442,0.4050190473118074,0.9320684246586911,0.9393273936654599,0.9710232041662948,0.9863100224087307,0.8434452888108261,0.10785407452683438,0.8263352784431245,0.1975907605100382,0.10851732623517651,0.8668474096794415,0.1285940787215195,0.27377940361290465,0.9066532949571463,0.19430887512006334,0.3231717177670802,0.4463742351182671,0.9907714967363259,0.17000690708819932,0.9250793873285271,0.39220382216346805,0.5131706989764364,0.42826683980149594,0.9340080758122989,0.4615196844180849,0.22853195919593539,0.7586704274652065,0.5130412966125862,0.4319725164606152,0.44348680902395776,0.7572971947621995,0.9318451702115932,0.33334316559934873,0.7601738801036673,0.9552036070265604,0.20258110249036965,0.5873889665914662,0.19108386701018887,0.9637820538069916,0.490433326246275,0.16411961138659759,0.3896167070195774,0.673646897189704,0.114707540726945,0.7060225947507457,0.6449863932622991,0.4909147591051516,0.40607359130608467,0.737300054899857,0.29293191090993964,0.6091657077934652,0.633898465628911,0.4234604532047328,0.6453656422029072,0.5757200596865264,0.060471574342743084,0.3702789359159874,0.5515213247040153,0.7849905354112958,0.020718493762781787,0.08470386076059055,0.8943626054442336,0.5749772920917687,0.28264746745528635,0.279147801208112,0.21597597987594197,0.6380272781817606,0.2531939655050778,0.22070456734141408,0.2881162029383776,0.20928000745143127,0.18389291739595082
closes episode,False,False,False,False,False,False,False,False,False,False,False,False,False,False,False,False,False,False,False,False,False,False,False,False,False,False,False,False,False,False,False,False,False,False,False,True,False,False,True,False,False,False,False,False,False,False,False,False,False,False,False,False,True,False,False,False,False,False,False,False,False,False,False,True,False,False,True,False,True,False,False,False,False,False,True,False,False,False,False,False,False,False,False,False,False,False,True,True,False,True,False,False,False,False,False,False,False,False,False,False,False,False,False,False,False,False,False,False,False,False,False,False,False,False,False,False,False,False,True,False,False,False,True,False,False,False,False,False,False,False,True,True,True,True,False,False,False,False,False,False,False,False,True,False,False,False,True,False,True,False,False,False,True,False,False,False,False,False,False,False,True,False,False,True,False,False,False,True,False,False,False,False,False,False,False,False,False,False,False,False,False,False,False,False,False,False,False,False,False,False,True,False,False,False,False,False,False,False,False,False,False
μ_DC,0.35,0.15525394591131142,0.25,0.24123525836258855,0.25,0.4096385911511495,0.25,0.22670596672399235,0.37807203839598813,0.5266483852656778,0.6474245621030783,0.6131028411122839,0.5764683408304846,0.6700784923455467,0.7446292203558811,0.7093144822338082,0.772532943642766,0.823545690533634,0.793690669603091,0.8391975851964711,0.8752738838237637,0.903737231811739,0.9259904260504012,0.909623489650643,0.930229311077432,0.9142311171324908,0.8945211590042106,0.9172027982200714,0.934899103340384,0.9965979569738221,0.9956470053179182,0.9965968293505264,0.9956216476073627,0.9965768675554704,0.9973242118744805,0.9965567174639464,0.9992757974330875,0.9990675559120712,0.9992715305788868,0.9998471113395033,0.999803117291241,0.9998462126726342,0.9998798741591198,0.9999061676026408,0.9998791638906237,0.9999056123025652,0.9999262720070005,0.9999050534241044,0.9998777289702669,0.9999044911032854,0.9999614737577724,0.9999699067538234,0.9999764938901702,0.9999971586437977,0.9999963408399688,0.9999952876553408,0.9999992848251046,0.9999990789822664,0.9999988138933069,0.9999990735291953,0.999998806870161,0.999999068042055,0.9999999145446334,0.999999975387352,0.9999999948376298,0.9999999959676673,0.9999999998228465,0.9999999999628417,0.9999999999521472,0.9999999997874427,0.9999999998339711,0.9999999998703144,0.9999999998987023,0.999999999920876,0.9999999999381958,0.9999999999870369,0.9999999999833059,0.9999999999869602,0.9999999999832071,0.9999999999868829,0.9999999999831076,0.9999999999782455,0.9999999999830075,0.9999999999781167,0.999999999971818,0.9999999999637067,0.9999999999532606,0.9999999999940541,0.9999999999992436,0.9999999999998537,0.9999999999999694,0.9999999999999606,0.9999999999999492,0.9999999999999603,0.9999999999999488,0.9999999999999983,0.9999999999999998,0.9999999999999999,0.9999999999999998,0.9999999999999999,0.9999999999999999,0.9999999999999999,1.0,0.9999999999999999,1.0,1.0,1.0,0.9999999999999999,1.0,1.0,0.9999999999999999,1.0,1.0,1.0,1.0,1.0,1.0,1.0,1.0,1.0,1.0,1.0,1.0,1.0,1.0,1.0,1.0,1.0,1.0,1.0,1.0,1.0,1.0,1.0,1.0,1.0,1.0,1.0,1.0,1.0,1.0,1.0,1.0,1.0,1.0,1.0,1.0,1.0,1.0,1.0,1.0,1.0,1.0,1.0,1.0,1.0,1.0,1.0,1.0,1.0,1.0,1.0,1.0,1.0,1.0,1.0,1.0,1.0,1.0,1.0,1.0,1.0,1.0,1.0,1.0,1.0,1.0,1.0,1.0,1.0,1.0,1.0,1.0,1.0,1.0,1.0,1.0,1.0,1.0,1.0,1.0,1.0,1.0,1.0,1.0,1.0,1.0,1.0,1.0,1.0,1.0
μ_PAR,0.35,0.38040064211441393,0.25,0.2741460334267601,0.25,0.2980618920179947,0.25,0.2707383174539596,0.32735910321794837,0.329063895046969,0.2902995129495349,0.3243064831952811,0.3607553927231935,0.30387970065239617,0.24494339185683664,0.279939803573749,0.22317302492028965,0.17475356180190846,0.20452118884139817,0.1600912433563332,0.12444215278940311,0.0961493989991404,0.07396434737702917,0.09032722799420911,0.0697510354019512,0.08574748089805544,0.10545549906828114,0.08278777466614119,0.06509704878770464,0.003401519260184027,0.004352414200765075,0.003402932560917389,0.0043780874026176815,0.0034230237560259912,0.002675743554371773,0.0034432329192409135,0.0007241654743948896,0.0009324027755322715,0.0007284524876818888,0.00015287602369076238,0.00019686863216758269,0.00015378155839223026,0.00012012347661760128,9.383142843480546e-05,0.00012083503003924422,9.438725509974613e-05,7.372781172235918e-05,9.494637396007557e-05,0.00012227080478624742,9.550880452664804e-05,3.8526188116800115e-05,3.0093224001294423e-05,2.3506100741954328e-05,2.841347550686566e-06,3.6591503934170273e-06,4.712333922959285e-06,7.151695917072698e-07,9.210118254202834e-07,1.1861001112793924e-06,9.264681074312077e-07,1.1931268342772671e-06,9.319567136569988e-07,8.545516001434112e-08,2.4612587491568402e-08,5.162325053403411e-09,4.032314170047367e-09,1.771505855184456e-10,3.715614575268916e-11,4.7850547710525865e-11,2.1255560307284182e-10,1.6602809013350596e-10,1.2968525089245618e-10,1.0129770381253956e-10,7.91240694451718e-11,6.180414885928522e-11,1.2963005209418643e-11,1.6694059264866256e-11,1.30398010503286e-11,1.679295873290857e-11,1.3117051847561237e-11,1.689244410427276e-11,2.175448196225003e-11,1.6992518849985608e-11,2.1883360544711973e-11,2.8181900103032e-11,3.629330567364597e-11,4.6739362211276635e-11,5.945982225088336e-12,7.564224873243514e-13,1.462783299260457e-13,3.068089744397663e-14,3.9511572506257306e-14,5.08839210055023e-14,3.974564819991879e-14,5.118536912184069e-14,1.6541247659999558e-15,1.9982491439712524e-16,1.560840947840501e-16,2.0100872340500388e-16,1.5700877306027708e-16,1.2264022376891488e-16,9.579480300960814e-17,7.482573010418459e-17,5.844669762578573e-17,4.5652965344991525e-17,5.879294937992215e-17,4.592342407019515e-17,5.914125240953026e-17,4.619548505543788e-17,5.94916188668404e-17,7.661468888463982e-17,1.2101123194003463e-17,9.452239052896982e-18,1.2172813046521256e-17,9.50823630313578e-18,1.224492760630561e-17,1.57693022452772e-17,2.0308073783535453e-17,2.6153209215140538e-17,5.4854600142493564e-18,7.064302844431348e-18,5.517957148036793e-18,4.310099914752632e-18,1.9145776394818897e-17,2.4656375635485128e-17,3.175305335973005e-17,4.089231980286652e-17,3.194116579159726e-17,4.1134575362848805e-17,3.2130392645017004e-17,4.137826610079667e-17,8.678813459859749e-18,1.820322845030777e-18,3.8180049328937773e-19,4.857102962325558e-20,6.255090034987287e-20,7.709474260995148e-20,6.021903299289854e-20,7.755146969544577e-20,9.987258434775735e-20,7.801090253782518e-20,1.0046425263570681e-19,7.847305716661931e-20,1.6459196794640142e-20,1.2856348970871393e-20,1.0042149135409237e-20,1.2932512955558022e-20,2.7125077506895968e-21,5.947026433448678e-22,7.56555327052418e-23,5.095360817978911e-23,3.980008114963051e-23,5.1255469139065076e-23,6.52050207808533e-24,8.397254060312763e-24,8.696170214337293e-25,1.11991300312502e-24,1.4422499832175605e-24,1.1265476267661195e-24,8.799511666771387e-25,6.873336176289432e-25,1.4416361085698843e-25,1.1260681266548217e-25,1.4501766942949278e-25,1.8448529118103534e-26,2.3758444394098367e-26,3.0596676646354214e-26,2.3899194913480656e-26,3.040353599634607e-27,2.3748331926182623e-27,1.8549923579412768e-27,2.3889022536966195e-27,1.865981761687562e-27,1.4575263301638637e-27,3.691754433084053e-29,2.883645168028248e-29,2.2524275668428076e-29,1.759380800427146e-29,1.3742598636592198e-29,1.7698037791939234e-29,2.279194422886673e-29,2.935199527985928e-29,3.7800181426282785e-29,4.8679951813713447e-29,3.802411844338041e-29,4.8968343106831395e-29,6.306256988439954e-29,4.925844289666818e-29,3.8475980301027394e-29,3.005375267810549e-29,3.870392090695601e-29,4.923747669134305e-30,3.0014652983227376e-32,3.865356741152877e-32,3.019246672921143e-32,2.358346481941149e-32,1.842114517759198e-32,1.4388835239112598e-32,1.1239180710120903e-32,1.447407802688175e-32,1.1305764216016346e-32
μ_ELN,0.15,0.2289015455986943,0.25,0.23493986918577742,0.25,0.16194020140178234,0.25,0.24103877812057445,0.15729949718925362,0.08483766488717707,0.039878054028832835,0.038942467280272716,0.03786972463764394,0.017019391465898984,0.007303372457251136,0.0073258451148345794,0.00311470640228234,0.0013004916440310808,0.00133605429494422,0.0005571549071188527,0.0002314999868947384,9.556717546087729e-05,3.920866094750366e-05,4.207872722356065e-05,1.7213552654267374e-05,1.8467128638199883e-05,1.98021919768229e-05,8.201640170069808e-06,3.419163715631173e-06,5.234363260179385e-07,5.800649624333643e-07,2.379438256084997e-07,2.648057725986464e-07,1.0862445647615602e-07,4.454888857416801e-08,4.958847022146585e-08,3.708871263726387e-08,4.1307548808663675e-08,1.693174738033302e-08,1.2636580326396564e-08,1.4076303800896522e-08,5.768873921858942e-09,2.3642280488762193e-09,9.689123299772647e-10,1.079321759088942e-09,4.4232971645311706e-10,1.81275364462115e-10,2.0193321036778223e-10,2.2494381707031252e-10,9.218693610734545e-11,5.411082262670351e-11,2.2175401704654716e-11,9.087785199681328e-12,8.651636315867043e-12,9.637759361859388e-12,1.0736279272733519e-11,5.303748014858078e-12,5.908278676795592e-12,6.581714432271828e-12,2.697260204135726e-12,3.0046985520506763e-12,1.2313590821535547e-12,2.0660265196295025e-13,6.050764465041974e-14,4.513235094693462e-14,1.8495737533439824e-14,2.809537214358038e-15,2.095619782275509e-15,2.334482744677479e-15,1.7456586157742994e-15,7.153902437594764e-16,2.9317484887159645e-16,1.2014630163043943e-16,4.9237285704903945e-17,2.0177985261931395e-17,1.5050658471941465e-17,1.6766162829821336e-17,6.870959307185346e-18,7.654125084035818e-18,3.1367452719101555e-18,3.494277813994642e-18,3.892562635131192e-18,1.595215299896453e-18,1.7770411518217866e-18,1.979591880461927e-18,2.2052297489938416e-18,2.4565862761072364e-18,6.740858950268491e-19,1.8496879115436965e-19,8.808574630948505e-20,6.570271841692494e-20,7.319164655804366e-20,8.15341778080465e-20,3.3413609515077744e-20,3.7222160007706253e-20,3.2144859581203328e-21,7.84224674824971e-22,3.213839614398381e-22,3.580159524886473e-22,1.4671890436900415e-22,6.012703274702149e-23,2.4640724264603727e-23,1.0098041838166515e-23,4.138289437857205e-24,1.6959168664515995e-24,1.8892208857096016e-24,7.742236527048103e-25,8.624712235810816e-25,3.5345026414045994e-25,3.9373723693831155e-25,4.386162000156494e-25,1.4997054052642894e-25,6.145958927448275e-26,6.846487701217776e-26,2.805766523295877e-26,3.125573441182982e-26,3.4818325955192945e-26,3.878698885613833e-26,4.3208007945649737e-26,3.222863741693997e-26,3.5902122403818085e-26,1.4713087578903626e-26,6.0295863199849895e-27,4.508750100966981e-27,5.022666516086091e-27,5.595160158998827e-27,6.232907780077506e-27,2.5543146727659068e-27,2.8454606024177778e-27,1.1661012843419074e-27,1.299015856738869e-27,9.689294423930444e-28,7.227196338410983e-28,5.390729668090029e-28,1.4792131944872083e-28,1.647816892870207e-28,2.7273408687729517e-28,1.1176945086542319e-28,1.2450915792886651e-28,1.3870096245548664e-28,5.684119130708478e-29,6.332006474506299e-29,2.594926415817922e-29,1.935542658764381e-29,7.9320682857668e-30,3.2506494757513175e-30,3.621165048355053e-30,2.7010089314261242e-30,3.106150762871613e-30,8.523260254922253e-31,1.3762957438720149e-30,5.640212460505618e-31,6.283095233625276e-31,1.7240778046826327e-31,1.9205916643837722e-31,3.5365073078145323e-32,3.939605531706957e-32,4.3886497028186e-32,1.7985172771800412e-32,7.370523088770681e-33,3.020522031752688e-33,2.2529923039656666e-33,9.233012107194382e-34,1.0285409418339001e-33,2.822310570008713e-34,3.1440032116524758e-34,3.5023630283362358e-34,1.4353071773702443e-34,3.9384748366736303e-35,1.6140306288166619e-35,6.614476361510866e-36,7.36840769579988e-36,3.0196551202733853e-36,1.2374881279426045e-36,1.3305907885046576e-37,5.45290848901721e-38,2.2346623204127093e-38,9.15789380351832e-39,3.7530063558341205e-39,4.180781577152298e-39,4.6573154795447447e-39,5.188165675658531e-39,5.7795232460207944e-39,6.438284942983232e-39,2.6384805098312205e-39,2.939219831064237e-39,3.2742380256861947e-39,1.3418190235175152e-39,5.49892304025809e-40,2.2535195933810352e-40,2.5103802942175432e-40,6.888469433680482e-41,7.339588816632623e-43,8.176169928609352e-43,3.3506850337860363e-43,1.3731478545171694e-43,5.627312061123765e-44,2.306134836761896e-44,9.450796095116094e-45,1.0528016863723806e-44,4.3144979677209696e-45
μ_FARC,0.15000000000000002,0.23544386637558032,0.25,0.24967883902487387,0.25,0.13035931542907342,0.25,0.26151693770147366,0.13726936119680994,0.0594500548001761,0.022397870918553928,0.023648208412162326,0.024906541808677875,0.00902241553615809,0.0031240153300311534,0.003419869077608337,0.0011793250346620644,0.00040025602042649414,0.0004520872605667359,0.00015401654007668976,5.246339993831655e-05,1.7802013659690586e-05,6.017911622203668e-06,7.203627924291679e-06,2.4399679624048093e-06,2.93484081554424e-06,3.5397355313382978e-06,1.2254736173029046e-06,4.287081957997314e-07,3.296678112890602e-10,4.163544120537225e-10,1.4473048444658116e-10,1.8424699238559237e-10,6.404712121315478e-11,2.225911583287494e-11,2.8342563590973643e-11,3.805053836089155e-12,4.847701325876112e-12,1.6838649164344233e-12,2.2557743721944683e-13,2.8743662866078545e-13,9.982597601564094e-14,3.466896857959292e-14,1.2040238145331942e-14,1.5342244866221122e-14,5.328232078257435e-15,1.8504392906354766e-15,2.357931515596271e-15,3.004587670754294e-15,1.043468252028149e-15,1.9033592602466833e-17,6.610086872539341e-18,2.2955817495217912e-18,9.892518585971507e-21,1.2605848445405458e-20,1.606338934251266e-20,6.690159698746414e-23,8.525148587296348e-23,1.0863440844796612e-22,3.772682450717901e-23,4.807460203837381e-23,1.6695466041118928e-23,3.1069401569597104e-26,1.1940991322257063e-27,1.598743233215051e-28,5.552153379516827e-29,1.1945958931347867e-31,1.5994083004952307e-32,2.0380972703230945e-32,4.6101410214920025e-33,1.6010206950692527e-33,5.560062596923255e-34,1.9309117100526814e-34,6.705715928555515e-35,2.328776913007486e-35,3.11792895466288e-36,3.9731208657829236e-36,1.3797948262759532e-36,1.7582477646187847e-36,6.1060844884572886e-37,7.780873792214141e-37,9.91502772107811e-37,3.443314314890727e-37,4.387753586067427e-37,5.591235586238207e-37,7.1248110832902715e-37,9.079018794593622e-37,3.3127938924014987e-38,1.2087873834645101e-39,4.831895181593667e-41,6.469278275520437e-42,8.243685111773563e-42,1.0504779873085587e-41,3.648124839298652e-42,4.64873995873955e-42,4.4250921103379373e-45,4.881239043854689e-47,1.6951682584101507e-47,2.1601224647710483e-47,7.501724467210067e-48,2.605216643950918e-48,9.047458076586844e-49,3.142022673533122e-49,1.0911690772620365e-49,3.789437820428042e-50,4.828812552470004e-50,1.6769614622879616e-50,2.1369218714848495e-50,7.421152897242476e-51,9.456641845611751e-51,1.2050428853097009e-50,4.972065475730536e-52,1.7267106768324617e-52,2.200316402033149e-52,7.641310924695738e-53,9.737185265736603e-53,1.2407920294521092e-52,1.5811189972623142e-52,2.0147915397294032e-52,2.697543437474425e-53,3.4374311517897447e-53,1.1937592333897764e-53,4.1457153449062377e-54,9.377536909756602e-55,1.1949626854140734e-54,1.5227194872955998e-54,1.9403740930925526e-54,6.738577116383886e-55,8.586847787808828e-55,2.982060841297792e-55,3.799986569264115e-55,5.087687053612543e-56,6.811750274293561e-57,9.120046361026046e-58,3.327764218307849e-59,4.240510173408877e-59,9.192150031737616e-60,3.1922716384814145e-60,4.067854412518591e-60,5.183593815129937e-60,1.8001707396326047e-60,2.2939252406430134e-60,7.966397916937712e-61,1.0665969157301223e-61,3.704103035765388e-62,1.2863696769809518e-62,1.639197774888086e-62,2.1946723088612467e-63,6.839980001960317e-65,2.4958031794373454e-66,3.893198286450673e-67,1.3520391235902837e-67,1.7228791712132755e-67,6.286520299866539e-69,8.010799905914298e-69,2.5301742675732887e-71,3.224155624702775e-71,4.1084836034921206e-71,1.4268039184859326e-71,4.955038447948174e-72,1.720797490288552e-72,2.3039236991107172e-73,8.001120800359743e-74,1.0195684527749235e-73,3.720247991018077e-75,4.740645195571572e-75,6.040919025977541e-75,2.0979046697898077e-75,7.654930487395061e-77,2.658422393573427e-77,9.232232264277044e-78,1.1764467754223205e-77,4.0855922307587365e-78,1.4188541483352732e-78,4.4480178373707565e-82,1.5447181715564295e-82,5.364533859304631e-83,1.8630080268059146e-83,6.469898408644147e-84,8.244475336274967e-84,1.0505786841974623e-83,1.3387335478266518e-83,1.705924114999156e-83,2.1738284596364527e-83,7.54932297086257e-84,9.619966668362848e-84,1.2258550741251217e-83,4.257178540936439e-84,1.4784430486078696e-84,5.1343720423248414e-85,6.542638075066429e-85,2.3873076975340203e-86,1.4612349818826396e-91,1.8620254921681612e-91,6.466486239078707e-92,2.2456966596898708e-92,7.798908558507583e-93,2.7084234391817836e-93,9.405877079950053e-94,1.1985740224000382e-93,4.16243625823953e-94
α_R^μ,0.3275,0.3877874860005092,0.5775,0.3978868638688414,0.38249999999999995,0.31591921966674064,0.38749999999999996,0.40110075382261356,0.3666766303576424,0.35958922383888126,0.4060195244946319,0.4569560688193461,0.49020880648929327,0.544097229870108,0.6033250645192327,0.6112139163166768,0.6590913299537717,0.7059341997994762,0.7075464225813303,0.7466765886415899,0.7827713920106556,0.8071072899762569,0.828576320020562,0.8285092870548415,0.8495429789343732,0.8494073377843491,0.8467247757559823,0.8694987249817534,0.8802905561908841,0.9278910370091458,0.9273014856520164,0.9278901746247081,0.9272855778035599,0.9278777219907541,0.9283410376522547,0.9278651940927801,0.92955101629192,0.9294219090382955,0.9295483589491123,0.9299052164861377,0.9298779410256692,0.9299046552606968,0.9299255233735587,0.9299418244852989,0.929925082248991,0.9299414798885665,0.9299542887512934,0.929941133242086,0.9299241920942832,0.9299407845384277,0.9299761137617444,0.9299813422004539,0.9299854262172673,0.9299982383642591,0.9299977313264669,0.9299970783526458,0.9299995565946941,0.9299994289724911,0.9299992646177336,0.9299994255896925,0.9299992602612727,0.9299994221868007,0.9299999470177948,0.9299999847401941,0.9299999967993572,0.9299999974999648,0.9299999998901665,0.9299999999769631,0.9299999999703327,0.9299999998682156,0.9299999998970626,0.929999999919595,0.9299999999371956,0.9299999999509432,0.9299999999616815,0.9299999999919629,0.9299999999896498,0.9299999999919154,0.9299999999895885,0.9299999999918674,0.9299999999895269,0.9299999999865123,0.9299999999894647,0.9299999999864323,0.9299999999825271,0.9299999999774982,0.9299999999710216,0.9299999999963137,0.9299999999995311,0.9299999999999092,0.9299999999999811,0.9299999999999756,0.9299999999999685,0.9299999999999754,0.9299999999999683,0.929999999999999,0.9299999999999999,0.9299999999999999,0.9299999999999999,0.9299999999999999,0.9299999999999999,0.9299999999999999,0.93,0.9299999999999999,0.93,0.93,0.93,0.9299999999999999,0.93,0.93,0.9299999999999999,0.93,0.93,0.93,0.93,0.93,0.93,0.93,0.93,0.93,0.93,0.93,0.93,0.93,0.93,0.93,0.93,0.93,0.93,0.93,0.93,0.93,0.93,0.93,0.93,0.93,0.93,0.93,0.93,0.93,0.93,0.93,0.93,0.93,0.93,0.93,0.93,0.93,0.93,0.93,0.93,0.93,0.93,0.93,0.93,0.93,0.93,0.93,0.93,0.93,0.93,0.93,0.93,0.93,0.93,0.93,0.93,0.93,0.93,0.93,0.93,0.93,0.93,0.93,0.93,0.93,0.93,0.93,0.93,0.93,0.93,0.93,0.93,0.93,0.93,0.93,0.93,0.93,0.93,0.93,0.93,0.93,0.93,0.93,0.93,0.93,0.93,0.93,0.93,0.93,0.93
γ_R^μ,0.38100000000000006,0.44159149242165335,0.6225,0.44827892551125126,0.43500000000000005,0.3688998385869206,0.43500000000000005,0.44927401766267333,0.385923737934183,0.339149088852156,0.34238609844557305,0.3323993097287366,0.32400099640818825,0.3213826815270038,0.28251044984041784,0.3154235997417715,0.30904528235632545,0.27146465509164347,0.2829897769623558,0.2694270190273832,0.22125695986571559,0.2525352128279904,0.26814816718312656,0.27904717018537545,0.2676773280636242,0.2420106520639081,0.20004431178083062,0.17738864543208036,0.2297655579748897,0.16071452334304634,0.21069655466999393,0.21054453827569028,0.21070057085731905,0.2105477153295968,0.21042813189744858,0.21055093165992222,0.21011587723326605,0.21014919642535881,0.2101165573089599,0.2100244638284958,0.2100315030633985,0.21002460672235915,0.21001922044189986,0.21001501330953934,0.2100193339178162,0.21001510208909388,0.21001179650244625,0.21001519147839526,0.2100195633940008,0.2100152814354589,0.21000616420579085,0.2100048149222711,0.21000376097875417,0.2100004546181171,0.21000058546685788,0.2100007539765412,0.21000011442867278,0.21000014736360548,0.2100001897779265,0.2100001482356794,0.21000019090116484,0.21000014911343126,0.2100000136728855,0.21000000393803153,0.2100000008259851,0.21000000064517563,0.21000000002834487,0.2100000000059456,0.21000000000765676,0.21000000003400937,0.2100000000265647,0.2100000000207497,0.21000000001620767,0.2100000000126599,0.21000000000988864,0.21000000000207406,0.21000000000267105,0.21000000000208635,0.21000000000268687,0.21000000000209873,0.21000000000270277,0.2100000000034807,0.2100000000027188,0.21000000000350136,0.21000000000450908,0.21000000000580693,0.2100000000074783,0.21000000000095137,0.21000000000012103,0.2100000000000234,0.2100000000000049,0.21000000000000635,0.21000000000000812,0.21000000000000635,0.21000000000000818,0.21000000000000024,0.21000000000000002,0.21000000000000002,0.21000000000000002,0.21000000000000002,0.21000000000000002,0.21,0.21000000000000002,0.21,0.21000000000000002,0.21000000000000002,0.21000000000000002,0.21,0.21000000000000002,0.21000000000000002,0.21,0.21,0.21,0.21,0.21,0.21,0.21,0.21,0.21,0.21,0.21,0.21,0.21,0.21,0.21,0.21,0.21000000000000002,0.21,0.21000000000000002,0.21,0.21000000000000002,0.21,0.21,0.21,0.21,0.21,0.21,0.21,0.21,0.21,0.21,0.21,0.21,0.21,0.21,0.21,0.21,0.21,0.21,0.21,0.21,0.21,0.21,0.21,0.21,0.21,0.21,0.21,0.21,0.21,0.21,0.21,0.21,0.21,0.21,0.21,0.21,0.21,0.21,0.21,0.21,0.21,0.21,0.21,0.21,0.21,0.21,0.21,0.21,0.21,0.21,0.21,0.21,0.21,0.21,0.21,0.21,0.21,0.21,0.21,0.21,0.21,0.21,0.21,0.21,0.21,0.21,0.21,0.21,0.21,0.21
α_N^μ,0.675,0.6972267666219272,0.7625000000000001,0.6946531144436469,0.695,0.670651012055439,0.695,0.6968683343399765,0.6694147180271648,0.6505638305106228,0.6389594665586477,0.6404137373176628,0.6383456155167618,0.6320014985819264,0.6433667919834799,0.66932997142748,0.6944486477576596,0.7224976367511011,0.7412868703045077,0.7643544629868291,0.7863417928006715,0.8098026017104513,0.8229861503239156,0.8374157894895664,0.851166263502891,0.8559896144825011,0.8583622960481372,0.865163344255784,0.8791688159855129,0.9088774828915994,0.9184766375611668,0.9188089664422072,0.9184676614354311,0.9188019384164098,0.9190634884159418,0.9187948669860768,0.9197465409706916,0.9196736577885616,0.9197450411210896,0.9199464930125747,0.9199310955564062,0.9199461762814807,0.9199579567122516,0.9199671589709785,0.9199577077071043,0.9199669644474443,0.9199741952604588,0.9199667687630557,0.9199572052115761,0.91996657191565,0.9199865158325358,0.9199894673709343,0.9199917728644675,0.9199990055280977,0.9199987192970731,0.9199983506828049,0.9199997496904839,0.919999677645684,0.9199995848647636,0.9199996757360814,0.9199995824055179,0.9199996738151134,0.9199999700906879,0.9199999913855925,0.919999998193185,0.9199999985886895,0.9199999999379972,0.9199999999869953,0.9199999999832524,0.9199999999256055,0.9199999999418901,0.9199999999546101,0.919999999964546,0.9199999999723066,0.9199999999783686,0.9199999999954629,0.919999999994157,0.9199999999954361,0.9199999999941226,0.919999999995409,0.9199999999940878,0.919999999992386,0.9199999999940526,0.9199999999923409,0.9199999999901363,0.9199999999872974,0.9199999999836412,0.9199999999979189,0.9199999999997354,0.9199999999999487,0.9199999999999894,0.9199999999999863,0.9199999999999823,0.9199999999999862,0.9199999999999822,0.9199999999999994,0.9199999999999999,0.92,0.9199999999999999,0.92,0.92,0.9199999999999999,0.92,0.9199999999999999,0.92,0.92,0.92,0.9199999999999999,0.92,0.92,0.9199999999999999,0.92,0.92,0.92,0.92,0.92,0.92,0.92,0.92,0.92,0.92,0.92,0.92,0.92,0.92,0.92,0.92,0.92,0.92,0.92,0.92,0.92,0.92,0.92,0.92,0.92,0.92,0.92,0.92,0.92,0.92,0.92,0.92,0.92,0.92,0.92,0.92,0.92,0.92,0.92,0.92,0.92,0.92,0.92,0.92,0.92,0.92,0.92,0.92,0.92,0.92,0.92,0.92,0.92,0.92,0.92,0.92,0.92,0.92,0.92,0.92,0.92,0.92,0.92,0.92,0.92,0.92,0.92,0.92,0.92,0.92,0.92,0.92,0.92,0.92,0.92,0.92,0.92,0.92,0.92,0.92,0.92,0.92,0.92,0.92,0.92,0.92,0.92,0.92,0.92,0.92
γ_N^μ,0.645,0.6672267666219271,0.7050000000000001,0.6646531144436467,0.665,0.640651012055439,0.6625000000000001,0.6641609511654369,0.6394147180271648,0.6172731915601531,0.6060564714291524,0.6035381829809545,0.6043593643431534,0.5959239045688786,0.5935753397392256,0.5840449629088621,0.6036332106406878,0.6048834533670359,0.5781428460872161,0.5936553732594548,0.5850481787633668,0.5761662510596294,0.5948256305317756,0.5663914297588776,0.5665143634448357,0.5648576227563893,0.5626200321789885,0.6092378758735669,0.5728395556106857,0.5596599057047243,0.5595212809055661,0.5596256964755147,0.559518431597811,0.5596234760864007,0.5597056717762692,0.5596212483502125,0.5599203447654844,0.5598974390000226,0.5599198715811474,0.5599831846483544,0.559978345576609,0.5599830844901019,0.5599867866067156,0.559989678620387,0.5599867082330438,0.5599896174373262,0.559991889955213,0.5599895559150195,0.5599865502294695,0.5599894940388773,0.5599957621236361,0.5599966897471339,0.5599974143296454,0.5599996874524615,0.5599995974942278,0.5599994816441275,0.5599999213317692,0.5599998986891719,0.5599998695295143,0.559999898088724,0.5599998687562887,0.5599998974848601,0.559999990599949,0.5599999972926203,0.559999999432148,0.5599999995564471,0.5599999999805136,0.559999999995913,0.5599999999947367,0.5599999999766191,0.559999999981737,0.5599999999857347,0.5599999999888574,0.5599999999912965,0.5599999999932016,0.5599999999985741,0.5599999999981636,0.5599999999985656,0.5599999999981529,0.5599999999985572,0.5599999999981419,0.5599999999976071,0.5599999999981309,0.559999999997593,0.5599999999969,0.5599999999960077,0.5599999999948587,0.559999999999346,0.5599999999999169,0.559999999999984,0.5599999999999966,0.5599999999999957,0.5599999999999945,0.5599999999999957,0.5599999999999944,0.5599999999999999,0.56,0.56,0.56,0.56,0.5599999999999999,0.5599999999999999,0.56,0.5599999999999999,0.56,0.56,0.56,0.5599999999999999,0.56,0.56,0.5599999999999999,0.56,0.56,0.56,0.56,0.56,0.56,0.56,0.56,0.56,0.56,0.56,0.56,0.56,0.56,0.56,0.56,0.56,0.56,0.56,0.56,0.56,0.56,0.56,0.56,0.56,0.56,0.56,0.56,0.56,0.56,0.56,0.56,0.56,0.56,0.56,0.56,0.56,0.56,0.56,0.56,0.56,0.56,0.56,0.56,0.56,0.56,0.56,0.56,0.56,0.56,0.56,0.56,0.56,0.56,0.56,0.56,0.56,0.56,0.56,0.56,0.56,0.56,0.56,0.56,0.56,0.56,0.56,0.56,0.56,0.56,0.56,0.56,0.56,0.56,0.56,0.56,0.56,0.56,0.56,0.56,0.56,0.56,0.56,0.56,0.56,0.56,0.56,0.56,0.56,0.56
L_C(voice),0.2670518352263434,0.9561576921877223,0.9561576921877223,0.9561576921877223,0.9561576921877223,0.9561576921877223,0.9561576921877223,0.9561576921877223,0.9561576921877223,0.9561576921877223,0.9561576921877223,0.9561576921877223,0.9561576921877223,0.9561576921877223,0.9561576921877223,0.9561576921877223,0.9561576921877223,0.9561576921877223,0.9561576921877223,0.9561576921877223,0.9561576921877223,0.9561576921877223,0.9561576921877223,0.9561576921877223,0.9561576921877223,0.9561576921877223,0.9561576921877223,0.9561576921877223,0.13495217212837096,0.9561576921877223,0.9561576921877223,0.9561576921877223,0.9561576921877223,0.9561576921877223,0.9561576921877223,0.9561576921877223,0.9561576921877223,0.9561576921877223,0.9561576921877223,0.9561576921877223,0.9561576921877223,0.9561576921877223,0.9561576921877223,0.9561576921877223,0.9561576921877223,0.9561576921877223,0.9561576921877223,0.9561576921877223,0.9561576921877223,0.1595895998648407,0.9561576921877223,0.9561576921877223,0.11824865458824338,0.9561576921877223,0.9561576921877223,0.1921834594147972,0.9561576921877223,0.9561576921877223,0.9561576921877223,0.9561576921877223,0.9561576921877223,0.23400497126949157,0.08177762897789788,0.9561576921877223,0.9561576921877223,0.1893091353724289,0.9561576921877223,0.9561576921877223,0.9561576921877223,0.9561576921877223,0.9561576921877223,0.9561576921877223,0.9561576921877223,0.9561576921877223,0.9561576921877223,0.9561576921877223,0.9561576921877223,0.9561576921877223,0.9561576921877223,0.9561576921877223,0.9561576921877223,0.9561576921877223,0.9561576921877223,0.9561576921877223,0.9561576921877223,0.9561576921877223,0.9561576921877223,0.9561576921877223,0.1549817817378633,0.9561576921877223,0.9561576921877223,0.9561576921877223,0.9561576921877223,0.9561576921877223,0.10394238160368828,0.2554304333217738,0.9561576921877223,0.9561576921877223,0.9561576921877223,0.9561576921877223,0.9561576921877223,0.9561576921877223,0.9561576921877223,0.9561576921877223,0.9561576921877223,0.9561576921877223,0.9561576921877223,0.9561576921877223,0.9561576921877223,0.9561576921877223,0.1412354502205688,0.9561576921877223,0.9561576921877223,0.9561576921877223,0.9561576921877223,0.9561576921877223,0.9561576921877223,0.9561576921877223,0.9561576921877223,0.9561576921877223,0.9561576921877223,0.9561576921877223,0.9561576921877223,0.9561576921877223,0.9561576921877223,0.9561576921877223,0.9561576921877223,0.9561576921877223,0.9561576921877223,0.9561576921877223,0.9561576921877223,0.9561576921877223,0.9561576921877223,0.9561576921877223,0.9561576921877223,0.06389213996213639,0.9561576921877223,0.9561576921877223,0.9561576921877223,0.9561576921877223,0.9561576921877223,0.9561576921877223,0.9561576921877223,0.9561576921877223,0.9561576921877223,0.9561576921877223,0.9561576921877223,0.03974355928984117,0.9561576921877223,0.1403858986126957,0.9561576921877223,0.9561576921877223,0.9561576921877223,0.9561576921877223,0.2505207883663967,0.9561576921877223,0.9561576921877223,0.9561576921877223,0.9561576921877223,0.9561576921877223,0.9561576921877223,0.9561576921877223,0.9561576921877223,0.9561576921877223,0.9561576921877223,0.9561576921877223,0.9561576921877223,0.9561576921877223,0.9561576921877223,0.9561576921877223,0.9561576921877223,0.9561576921877223,0.9561576921877223,0.11416598004046012,0.9561576921877223,0.9561576921877223,0.9561576921877223,0.9561576921877223,0.9561576921877223,0.9561576921877223,0.9561576921877223,0.9561576921877223,0.9561576921877223,0.9561576921877223,0.9561576921877223,0.9561576921877223,0.9561576921877223,0.9561576921877223,0.9561576921877223,0.9561576921877223,0.9561576921877223,0.017041810249830643,0.9561576921877223,0.9561576921877223,0.9561576921877223,0.9561576921877223,0.9561576921877223,0.9561576921877223,0.9561576921877223,0.9561576921877223,0.9561576921877223
V_τ (signal),Call,Silence,Silence,Silence,Silence,Silence,Silence,Silence,Silence,Silence,Silence,Silence,Silence,Silence,Silence,Silence,Silence,Silence,Silence,Silence,Silence,Silence,Silence,Silence,Silence,Silence,Silence,Silence,Call,Silence,Silence,Silence,Silence,Silence,Silence,Silence,Silence,Silence,Silence,Silence,Silence,Silence,Silence,Silence,Silence,Silence,Silence,Silence,Silence,Call,Silence,Silence,Call,Silence,Silence,Call,Silence,Silence,Silence,Silence,Silence,Call,Call,Silence,Silence,Call,Silence,Silence,Silence,Silence,Silence,Silence,Silence,Silence,Silence,Silence,Silence,Silence,Silence,Silence,Silence,Silence,Silence,Silence,Silence,Silence,Silence,Silence,Call,Silence,Silence,Silence,Silence,Silence,Call,Call,Silence,Silence,Silence,Silence,Silence,Silence,Silence,Silence,Silence,Silence,Silence,Silence,Silence,Silence,Call,Silence,Silence,Silence,Silence,Silence,Silence,Silence,Silence,Silence,Silence,Silence,Silence,Silence,Silence,Silence,Silence,Silence,Silence,Silence,Silence,Silence,Silence,Silence,Silence,Call,Silence,Silence,Silence,Silence,Silence,Silence,Silence,Silence,Silence,Silence,Silence,Call,Silence,Call,Silence,Silence,Silence,Silence,Call,Silence,Silence,Silence,Silence,Silence,Silence,Silence,Silence,Silence,Silence,Silence,Silence,Silence,Silence,Silence,Silence,Silence,Silence,Call,Silence,Silence,Silence,Silence,Silence,Silence,Silence,Silence,Silence,Silence,Silence,Silence,Silence,Silence,Silence,Silence,Silence,Call,Silence,Silence,Silence,Silence,Silence,Silence,Silence,Silence,Silence
d (detection),False,True,False,False,True,False,False,True,True,True,False,False,True,True,False,True,True,False,True,True,True,True,False,True,False,False,True,True,True,False,True,False,True,True,False,False,False,True,False,False,True,True,True,False,True,True,False,False,True,True,True,True,True,False,False,False,False,False,True,False,True,True,True,False,True,False,False,False,True,True,True,True,True,True,False,False,True,False,True,False,False,True,False,False,False,False,True,True,True,False,False,False,True,False,True,True,True,False,True,True,True,True,True,True,False,True,False,True,False,False,True,True,False,True,False,False,False,False,False,False,True,True,True,False,False,False,True,False,True,False,False,False,False,True,False,True,True,False,False,True,False,True,False,True,True,False,False,False,True,False,True,False,True,False,True,False,False,True,True,True,False,True,False,True,False,False,True,True,True,True,False,True,True,False,True,True,True,True,False,False,False,False,False,True,False,False,True,True,True,False,True,True,False,True,True,True,True,True,False,True,True
p_det,0.22270013882530884,0.3775406687981454,0.3775406687981454,0.5793242521487495,0.4900013331200346,0.4650570548417856,0.4775151752081999,0.4775151752081999,0.4650570548417856,0.45016600268752216,0.44028635073280703,0.44275214540144436,0.46008511544443426,0.45760205922564895,0.46008511544443426,0.4675456936126812,0.4700359482354282,0.4700359482354282,0.47502081252106,0.4850044983805899,0.48750260351578967,0.4875026035157896,0.4900013331200346,0.48250714233361036,0.4850044983805899,0.48750260351578967,0.48750260351578967,0.5,0.4900013331200346,0.4925005624493796,0.4950001666600003,0.4950001666600003,0.4950001666600003,0.4950001666600003,0.4950001666600003,0.4950001666600003,0.4950001666600003,0.4950001666600003,0.4950001666600003,0.4950001666600003,0.4950001666600003,0.4950001666600003,0.4950001666600003,0.4950001666600003,0.4950001666600003,0.4950001666600003,0.4950001666600003,0.4950001666600003,0.4950001666600003,0.4950001666600003,0.4950001666600003,0.4950001666600003,0.4950001666600003,0.4950001666600003,0.4950001666600003,0.4950001666600003,0.4950001666600003,0.4950001666600003,0.4950001666600003,0.4950001666600003,0.4950001666600003,0.4950001666600003,0.4950001666600003,0.4950001666600003,0.4950001666600003,0.4950001666600003,0.4950001666600003,0.4950001666600003,0.4950001666600003,0.4950001666600003,0.4950001666600003,0.4950001666600003,0.4950001666600003,0.4950001666600003,0.4950001666600003,0.4950001666600003,0.4950001666600003,0.4950001666600003,0.4950001666600003,0.4950001666600003,0.4950001666600003,0.4950001666600003,0.4950001666600003,0.4950001666600003,0.4950001666600003,0.4950001666600003,0.4950001666600003,0.4950001666600003,0.4950001666600003,0.4950001666600003,0.4950001666600003,0.4950001666600003,0.4950001666600003,0.4950001666600003,0.4950001666600003,0.4950001666600003,0.4950001666600003,0.4950001666600003,0.4950001666600003,0.4950001666600003,0.4950001666600003,0.4950001666600003,0.4950001666600003,0.4950001666600003,0.4950001666600003,0.4950001666600003,0.4950001666600003,0.4950001666600003,0.4950001666600003,0.4950001666600003,0.4950001666600003,0.4950001666600003,0.4950001666600003,0.4950001666600003,0.4950001666600003,0.4950001666600003,0.4950001666600003,0.4950001666600003,0.4950001666600003,0.4950001666600003,0.4950001666600003,0.4950001666600003,0.4950001666600003,0.4950001666600003,0.4950001666600003,0.4950001666600003,0.4950001666600003,0.4950001666600003,0.4950001666600003,0.4950001666600003,0.4950001666600003,0.4950001666600003,0.4950001666600003,0.4950001666600003,0.4950001666600003,0.4950001666600003,0.4950001666600003,0.4950001666600003,0.4950001666600003,0.4950001666600003,0.4950001666600003,0.4950001666600003,0.4950001666600003,0.4950001666600003,0.4950001666600003,0.4950001666600003,0.4950001666600003,0.4950001666600003,0.4950001666600003,0.4950001666600003,0.4950001666600003,0.4950001666600003,0.4950001666600003,0.4950001666600003,0.4950001666600003,0.4950001666600003,0.4950001666600003,0.4950001666600003,0.4950001666600003,0.4950001666600003,0.4950001666600003,0.4950001666600003,0.4950001666600003,0.4950001666600003,0.4950001666600003,0.4950001666600003,0.4950001666600003,0.4950001666600003,0.4950001666600003,0.4950001666600003,0.4950001666600003,0.4950001666600003,0.4950001666600003,0.4950001666600003,0.4950001666600003,0.4950001666600003,0.4950001666600003,0.4950001666600003,0.4950001666600003,0.4950001666600003,0.4950001666600003,0.4950001666600003,0.4950001666600003,0.4950001666600003,0.4950001666600003,0.4950001666600003,0.4950001666600003,0.4950001666600003,0.4950001666600003,0.4950001666600003,0.4950001666600003,0.4950001666600003,0.4950001666600003,0.4950001666600003,0.4950001666600003,0.4950001666600003,0.4950001666600003,0.4950001666600003,0.4950001666600003,0.4950001666600003,0.4950001666600003
ι = max_θ μ_τ(θ),0.35,0.38040064211441393,0.25,0.2741460334267601,0.25,0.4096385911511495,0.25,0.2707383174539596,0.37807203839598813,0.5266483852656778,0.6474245621030783,0.6131028411122839,0.5764683408304846,0.6700784923455467,0.7446292203558811,0.7093144822338082,0.772532943642766,0.823545690533634,0.793690669603091,0.8391975851964711,0.8752738838237637,0.903737231811739,0.9259904260504012,0.909623489650643,0.930229311077432,0.9142311171324908,0.8945211590042106,0.9172027982200714,0.934899103340384,0.9965979569738221,0.9956470053179182,0.9965968293505264,0.9956216476073627,0.9965768675554704,0.9973242118744805,0.9965567174639464,0.9992757974330875,0.9990675559120712,0.9992715305788868,0.9998471113395033,0.999803117291241,0.9998462126726342,0.9998798741591198,0.9999061676026408,0.9998791638906237,0.9999056123025652,0.9999262720070005,0.9999050534241044,0.9998777289702669,0.9999044911032854,0.9999614737577724,0.9999699067538234,0.9999764938901702,0.9999971586437977,0.9999963408399688,0.9999952876553408,0.9999992848251046,0.9999990789822664,0.9999988138933069,0.9999990735291953,0.999998806870161,0.999999068042055,0.9999999145446334,0.999999975387352,0.9999999948376298,0.9999999959676673,0.9999999998228465,0.9999999999628417,0.9999999999521472,0.9999999997874427,0.9999999998339711,0.9999999998703144,0.9999999998987023,0.999999999920876,0.9999999999381958,0.9999999999870369,0.9999999999833059,0.9999999999869602,0.9999999999832071,0.9999999999868829,0.9999999999831076,0.9999999999782455,0.9999999999830075,0.9999999999781167,0.999999999971818,0.9999999999637067,0.9999999999532606,0.9999999999940541,0.9999999999992436,0.9999999999998537,0.9999999999999694,0.9999999999999606,0.9999999999999492,0.9999999999999603,0.9999999999999488,0.9999999999999983,0.9999999999999998,0.9999999999999999,0.9999999999999998,0.9999999999999999,0.9999999999999999,0.9999999999999999,1.0,0.9999999999999999,1.0,1.0,1.0,0.9999999999999999,1.0,1.0,0.9999999999999999,1.0,1.0,1.0,1.0,1.0,1.0,1.0,1.0,1.0,1.0,1.0,1.0,1.0,1.0,1.0,1.0,1.0,1.0,1.0,1.0,1.0,1.0,1.0,1.0,1.0,1.0,1.0,1.0,1.0,1.0,1.0,1.0,1.0,1.0,1.0,1.0,1.0,1.0,1.0,1.0,1.0,1.0,1.0,1.0,1.0,1.0,1.0,1.0,1.0,1.0,1.0,1.0,1.0,1.0,1.0,1.0,1.0,1.0,1.0,1.0,1.0,1.0,1.0,1.0,1.0,1.0,1.0,1.0,1.0,1.0,1.0,1.0,1.0,1.0,1.0,1.0,1.0,1.0,1.0,1.0,1.0,1.0,1.0,1.0,1.0,1.0,1.0,1.0,1.0,1.0
M_t,0.0,0.0011111111111111111,0.0044444444444444444,0.010000000000000002,0.017777777777777778,0.027777777777777776,0.04000000000000001,0.05444444444444445,0.07111111111111111,0.09,0.1111111111111111,0.13444444444444442,0.16000000000000003,0.1877777777777778,0.2177777777777778,0.25,0.28444444444444444,0.32111111111111107,0.36,0.4011111111111111,0.4444444444444444,0.48999999999999994,0.5377777777777777,0.5877777777777778,0.6400000000000001,0.6944444444444445,0.7511111111111112,0.81,0.8711111111111112,0.9344444444444444,1.0,1.0,1.0,1.0,1.0,1.0,1.0,1.0,1.0,1.0,1.0,1.0,1.0,1.0,1.0,1.0,1.0,1.0,1.0,1.0,1.0,1.0,1.0,1.0,1.0,1.0,1.0,1.0,1.0,1.0,1.0,1.0,1.0,1.0,1.0,1.0,1.0,1.0,1.0,1.0,1.0,1.0,1.0,1.0,1.0,1.0,1.0,1.0,1.0,1.0,1.0,1.0,1.0,1.0,1.0,1.0,1.0,1.0,1.0,1.0,1.0,1.0,1.0,1.0,1.0,1.0,1.0,1.0,1.0,1.0,1.0,1.0,1.0,1.0,1.0,1.0,1.0,1.0,1.0,1.0,1.0,1.0,1.0,1.0,1.0,1.0,1.0,1.0,1.0,1.0,1.0,1.0,1.0,1.0,1.0,1.0,1.0,1.0,1.0,1.0,1.0,1.0,1.0,1.0,1.0,1.0,1.0,1.0,1.0,1.0,1.0,1.0,1.0,1.0,1.0,1.0,1.0,1.0,1.0,1.0,1.0,1.0,1.0,1.0,1.0,1.0,1.0,1.0,1.0,1.0,1.0,1.0,1.0,1.0,1.0,1.0,1.0,1.0,1.0,1.0,1.0,1.0,1.0,1.0,1.0,1.0,1.0,1.0,1.0,1.0,1.0,1.0,1.0,1.0,1.0,1.0,1.0,1.0,1.0,1.0,1.0,1.0,1.0,1.0,1.0,1.0,1.0,1.0,1.0,1.0,1.0
M_t^S,2.4000000000000004,2.9624357201430627,2.967741659277861,2.8591915347762753,2.7615753047440617,2.472742839453692,2.5697311421735956,2.4746073148624608,2.2369030650569184,2.1,2.1,2.1,2.1,2.1,2.1,2.1,2.1,2.1,2.1,2.1,2.1,2.1,2.1,2.1,2.1,2.1,2.1,2.1,2.1,2.1,2.1,2.1,2.1,2.1,2.1,2.1,2.1,2.1,2.1,2.1,2.1,2.1,2.1,2.1,2.1,2.1,2.1,2.1,2.1,2.1,2.1,2.1,2.1,2.1,2.1,2.1,2.1,2.1,2.1,2.1,2.1,2.1,2.1,2.1,2.1,2.1,2.1,2.1,2.1,2.1,2.1,2.1,2.1,2.1,2.1,2.1,2.1,2.1,2.1,2.1,2.1,2.1,2.1,2.1,2.1,2.1,2.1,2.1,2.1,2.1,2.1,2.1,2.1,2.1,2.1,2.1,2.1,2.1,2.1,2.1,2.1,2.1,2.1,2.1,2.1,2.1,2.1,2.1,2.1,2.1,2.1,2.1,2.1,2.1,2.1,2.1,2.1,2.1,2.1,2.1,2.1,2.1,2.1,2.1,2.1,2.1,2.1,2.1,2.1,2.1,2.1,2.1,2.1,2.1,2.1,2.1,2.1,2.1,2.1,2.1,2.1,2.1,2.1,2.1,2.1,2.1,2.1,2.1,2.1,2.1,2.1,2.1,2.1,2.1,2.1,2.1,2.1,2.1,2.1,2.1,2.1,2.1,2.1,2.1,2.1,2.1,2.1,2.1,2.1,2.1,2.1,2.1,2.1,2.1,2.1,2.1,2.1,2.1,2.1,2.1,2.1,2.1,2.1,2.1,2.1,2.1,2.1,2.1,2.1,2.1,2.1,2.1,2.1,2.1,2.1,2.1,2.1,2.1,2.1,2.1,2.1
M_t^F,2.7,2.980263765114733,3.003569093868556,2.911122963116315,2.8286548467751853,2.7,2.7,2.7,2.7,2.7,2.7,2.7,2.7,2.7,2.7,2.7,2.7,2.7,2.7,2.7,2.7,2.7,2.7,2.7,2.7,2.7,2.7,2.7,2.7,2.7,2.7,2.7,2.7,2.7,2.7,2.7,2.7,2.7,2.7,2.7,2.7,2.7,2.7,2.7,2.7,2.7,2.7,2.7,2.7,2.7,2.7,2.7,2.7,2.7,2.7,2.7,2.7,2.7,2.7,2.7,2.7,2.7,2.7,2.7,2.7,2.7,2.7,2.7,2.7,2.7,2.7,2.7,2.7,2.7,2.7,2.7,2.7,2.7,2.7,2.7,2.7,2.7,2.7,2.7,2.7,2.7,2.7,2.7,2.7,2.7,2.7,2.7,2.7,2.7,2.7,2.7,2.7,2.7,2.7,2.7,2.7,2.7,2.7,2.7,2.7,2.7,2.7,2.7,2.7,2.7,2.7,2.7,2.7,2.7,2.7,2.7,2.7,2.7,2.7,2.7,2.7,2.7,2.7,2.7,2.7,2.7,2.7,2.7,2.7,2.7,2.7,2.7,2.7,2.7,2.7,2.7,2.7,2.7,2.7,2.7,2.7,2.7,2.7,2.7,2.7,2.7,2.7,2.7,2.7,2.7,2.7,2.7,2.7,2.7,2.7,2.7,2.7,2.7,2.7,2.7,2.7,2.7,2.7,2.7,2.7,2.7,2.7,2.7,2.7,2.7,2.7,2.7,2.7,2.7,2.7,2.7,2.7,2.7,2.7,2.7,2.7,2.7,2.7,2.7,2.7,2.7,2.7,2.7,2.7,2.7,2.7,2.7,2.7,2.7,2.7,2.7,2.7,2.7,2.7,2.7,2.7
M_t^K,3.3000000000000003,3.3000000000000003,3.3000000000000003,3.3000000000000003,3.3000000000000003,3.3000000000000003,3.3000000000000003,3.3000000000000003,3.3000000000000003,3.3000000000000003,3.3000000000000003,3.3000000000000003,3.3000000000000003,3.3000000000000003,3.3000000000000003,3.3000000000000003,3.3000000000000003,3.3000000000000003,3.3000000000000003,3.3000000000000003,3.3000000000000003,3.3000000000000003,3.3000000000000003,3.3000000000000003,3.3000000000000003,3.3000000000000003,3.3000000000000003,3.3000000000000003,3.3000000000000003,3.3000000000000003,3.3000000000000003,3.3000000000000003,3.3000000000000003,3.3000000000000003,3.3000000000000003,3.3000000000000003,3.3000000000000003,3.3000000000000003,3.3000000000000003,3.3000000000000003,3.3000000000000003,3.3000000000000003,3.3000000000000003,3.3000000000000003,3.3000000000000003,3.3000000000000003,3.3000000000000003,3.3000000000000003,3.3000000000000003,3.3000000000000003,3.3000000000000003,3.3000000000000003,3.3000000000000003,3.3000000000000003,3.3000000000000003,3.3000000000000003,3.3000000000000003,3.3000000000000003,3.3000000000000003,3.3000000000000003,3.3000000000000003,3.3000000000000003,3.3000000000000003,3.3000000000000003,3.3000000000000003,3.3000000000000003,3.3000000000000003,3.3000000000000003,3.3000000000000003,3.3000000000000003,3.3000000000000003,3.3000000000000003,3.3000000000000003,3.3000000000000003,3.3000000000000003,3.3000000000000003,3.3000000000000003,3.3000000000000003,3.3000000000000003,3.3000000000000003,3.3000000000000003,3.3000000000000003,3.3000000000000003,3.3000000000000003,3.3000000000000003,3.3000000000000003,3.3000000000000003,3.3000000000000003,3.3000000000000003,3.3000000000000003,3.3000000000000003,3.3000000000000003,3.3000000000000003,3.3000000000000003,3.3000000000000003,3.3000000000000003,3.3000000000000003,3.3000000000000003,3.3000000000000003,3.3000000000000003,3.3000000000000003,3.3000000000000003,3.3000000000000003,3.3000000000000003,3.3000000000000003,3.3000000000000003,3.3000000000000003,3.3000000000000003,3.3000000000000003,3.3000000000000003,3.3000000000000003,3.3000000000000003,3.3000000000000003,3.3000000000000003,3.3000000000000003,3.3000000000000003,3.3000000000000003,3.3000000000000003,3.3000000000000003,3.3000000000000003,3.3000000000000003,3.3000000000000003,3.3000000000000003,3.3000000000000003,3.3000000000000003,3.3000000000000003,3.3000000000000003,3.3000000000000003,3.3000000000000003,3.3000000000000003,3.3000000000000003,3.3000000000000003,3.3000000000000003,3.3000000000000003,3.3000000000000003,3.3000000000000003,3.3000000000000003,3.3000000000000003,3.3000000000000003,3.3000000000000003,3.3000000000000003,3.3000000000000003,3.3000000000000003,3.3000000000000003,3.3000000000000003,3.3000000000000003,3.3000000000000003,3.3000000000000003,3.3000000000000003,3.3000000000000003,3.3000000000000003,3.3000000000000003,3.3000000000000003,3.3000000000000003,3.3000000000000003,3.3000000000000003,3.3000000000000003,3.3000000000000003,3.3000000000000003,3.3000000000000003,3.3000000000000003,3.3000000000000003,3.3000000000000003,3.3000000000000003,3.3000000000000003,3.3000000000000003,3.3000000000000003,3.3000000000000003,3.3000000000000003,3.3000000000000003,3.3000000000000003,3.3000000000000003,3.3000000000000003,3.3000000000000003,3.3000000000000003,3.3000000000000003,3.3000000000000003,3.3000000000000003,3.3000000000000003,3.3000000000000003,3.3000000000000003,3.3000000000000003,3.3000000000000003,3.3000000000000003,3.3000000000000003,3.3000000000000003,3.3000000000000003,3.3000000000000003,3.3000000000000003,3.3000000000000003,3.3000000000000003,3.3000000000000003,3.3000000000000003,3.3000000000000003,3.3000000000000003,3.3000000000000003,3.3000000000000003,3.3000000000000003,3.3000000000000003,3.3000000000000003,3.3000000000000003
